"Begin Time - ss.msec","Duration - ss.msec","default","File Path"
11.75,0.823,"Laughter","file:///E:/GitHub/CapstoneWork/Mid-Joke Laughter Annotations/2019-04-13 Cienna Nerdy Show at The Drake/joke_0.eaf"
18.52,2.08,"Laughter","file:///E:/GitHub/CapstoneWork/Mid-Joke Laughter Annotations/2019-04-13 Cienna Nerdy Show at The Drake/joke_1.eaf"
2.41,0.637,"Laughter","file:///E:/GitHub/CapstoneWork/Mid-Joke Laughter Annotations/2019-04-13 Cienna Nerdy Show at The Drake/joke_10.eaf"
21.78,0.736,"Laughter","file:///E:/GitHub/CapstoneWork/Mid-Joke Laughter Annotations/2019-04-13 Cienna Nerdy Show at The Drake/joke_11.eaf"
8.59,0.81,"Laughter","file:///E:/GitHub/CapstoneWork/Mid-Joke Laughter Annotations/2019-04-13 Cienna Nerdy Show at The Drake/joke_13.eaf"
9.46,2.83,"Laughter","file:///E:/GitHub/CapstoneWork/Mid-Joke Laughter Annotations/2019-04-13 Cienna Nerdy Show at The Drake/joke_13.eaf"
6.08,1.67,"Laughter","file:///E:/GitHub/CapstoneWork/Mid-Joke Laughter Annotations/2019-04-13 Cienna Nerdy Show at The Drake/joke_18.eaf"
4.35,1.29,"Laughter","file:///E:/GitHub/CapstoneWork/Mid-Joke Laughter Annotations/2019-04-13 Cienna Nerdy Show at The Drake/joke_2.eaf"
5.84,1.74,"Laughter","file:///E:/GitHub/CapstoneWork/Mid-Joke Laughter Annotations/2019-04-13 Cienna Nerdy Show at The Drake/joke_20.eaf"
11.465,0.539,"Laughter","file:///E:/GitHub/CapstoneWork/Mid-Joke Laughter Annotations/2019-04-13 Cienna Nerdy Show at The Drake/joke_20.eaf"
7.58,1.05,"Laughter","file:///E:/GitHub/CapstoneWork/Mid-Joke Laughter Annotations/2019-04-13 Cienna Nerdy Show at The Drake/joke_21.eaf"
1.94,1.36,"Laughter","file:///E:/GitHub/CapstoneWork/Mid-Joke Laughter Annotations/2019-04-13 Cienna Nerdy Show at The Drake/joke_22.eaf"
0.0,1.06,"Laughter","file:///E:/GitHub/CapstoneWork/Mid-Joke Laughter Annotations/2019-04-13 Cienna Nerdy Show at The Drake/joke_23.eaf"
10.363,1.727,"Laughter","file:///E:/GitHub/CapstoneWork/Mid-Joke Laughter Annotations/2019-04-13 Cienna Nerdy Show at The Drake/joke_26.eaf"
17.225,0.677,"Laughter","file:///E:/GitHub/CapstoneWork/Mid-Joke Laughter Annotations/2019-04-13 Cienna Nerdy Show at The Drake/joke_26.eaf"
18.063,0.904,"Laughter","file:///E:/GitHub/CapstoneWork/Mid-Joke Laughter Annotations/2019-04-13 Cienna Nerdy Show at The Drake/joke_26.eaf"
19.08,3.032,"Laughter","file:///E:/GitHub/CapstoneWork/Mid-Joke Laughter Annotations/2019-04-13 Cienna Nerdy Show at The Drake/joke_26.eaf"
22.225,2.0,"Laughter","file:///E:/GitHub/CapstoneWork/Mid-Joke Laughter Annotations/2019-04-13 Cienna Nerdy Show at The Drake/joke_26.eaf"
24.467,1.968,"Laughter","file:///E:/GitHub/CapstoneWork/Mid-Joke Laughter Annotations/2019-04-13 Cienna Nerdy Show at The Drake/joke_26.eaf"
27.693,1.42,"Laughter","file:///E:/GitHub/CapstoneWork/Mid-Joke Laughter Annotations/2019-04-13 Cienna Nerdy Show at The Drake/joke_26.eaf"
9.47,0.712,"Laughter","file:///E:/GitHub/CapstoneWork/Mid-Joke Laughter Annotations/2019-04-13 Cienna Nerdy Show at The Drake/joke_27.eaf"
14.59,0.81,"Laughter","file:///E:/GitHub/CapstoneWork/Mid-Joke Laughter Annotations/2019-04-13 Cienna Nerdy Show at The Drake/joke_28.eaf"
5.74,1.49,"Laughter","file:///E:/GitHub/CapstoneWork/Mid-Joke Laughter Annotations/2019-04-13 Cienna Nerdy Show at The Drake/joke_29.eaf"
2.07,1.13,"Laughter","file:///E:/GitHub/CapstoneWork/Mid-Joke Laughter Annotations/2019-04-13 Cienna Nerdy Show at The Drake/joke_3.eaf"
6.0,0.99,"Laughter","file:///E:/GitHub/CapstoneWork/Mid-Joke Laughter Annotations/2019-04-13 Cienna Nerdy Show at The Drake/joke_3.eaf"
9.47,1.23,"Laughter","file:///E:/GitHub/CapstoneWork/Mid-Joke Laughter Annotations/2019-04-13 Cienna Nerdy Show at The Drake/joke_3.eaf"
13.54,1.34,"Laughter","file:///E:/GitHub/CapstoneWork/Mid-Joke Laughter Annotations/2019-04-13 Cienna Nerdy Show at The Drake/joke_3.eaf"
18.24,2.094,"Laughter","file:///E:/GitHub/CapstoneWork/Mid-Joke Laughter Annotations/2019-04-13 Cienna Nerdy Show at The Drake/joke_3.eaf"
3.29,1.62,"Laughter","file:///E:/GitHub/CapstoneWork/Mid-Joke Laughter Annotations/2019-04-13 Cienna Nerdy Show at The Drake/joke_30.eaf"
17.97,2.51,"Laughter","file:///E:/GitHub/CapstoneWork/Mid-Joke Laughter Annotations/2019-04-13 Cienna Nerdy Show at The Drake/joke_31.eaf"
7.83,1.783,"Laughter","file:///E:/GitHub/CapstoneWork/Mid-Joke Laughter Annotations/2019-04-13 Cienna Nerdy Show at The Drake/joke_33.eaf"
10.66,2.29,"Laughter","file:///E:/GitHub/CapstoneWork/Mid-Joke Laughter Annotations/2019-04-13 Cienna Nerdy Show at The Drake/joke_34.eaf"
17.85,1.83,"Laughter","file:///E:/GitHub/CapstoneWork/Mid-Joke Laughter Annotations/2019-04-13 Cienna Nerdy Show at The Drake/joke_34.eaf"
14.23,1.88,"Laughter","file:///E:/GitHub/CapstoneWork/Mid-Joke Laughter Annotations/2019-04-13 Cienna Nerdy Show at The Drake/joke_36.eaf"
19.435,1.23,"Laughter","file:///E:/GitHub/CapstoneWork/Mid-Joke Laughter Annotations/2019-04-13 Cienna Nerdy Show at The Drake/joke_36.eaf"
25.475,1.36,"Chuckle","file:///E:/GitHub/CapstoneWork/Mid-Joke Laughter Annotations/2019-04-13 Cienna Nerdy Show at The Drake/joke_36.eaf"
3.025,1.625,"Laughter","file:///E:/GitHub/CapstoneWork/Mid-Joke Laughter Annotations/2019-04-13 Cienna Nerdy Show at The Drake/joke_37.eaf"
1.98,1.38,"Laughter","file:///E:/GitHub/CapstoneWork/Mid-Joke Laughter Annotations/2019-04-13 Cienna Nerdy Show at The Drake/joke_7.eaf"
0.0,0.72,"Laughter","file:///E:/GitHub/CapstoneWork/Mid-Joke Laughter Annotations/2019-04-13 Cienna Nerdy Show at The Drake/joke_9.eaf"
3.17,2.06,"Laughter","file:///E:/GitHub/CapstoneWork/Mid-Joke Laughter Annotations/2019-04-18 Bombs Away Cafe/joke_0.eaf"
10.945,1.721,"Laughter","file:///E:/GitHub/CapstoneWork/Mid-Joke Laughter Annotations/2019-04-18 Bombs Away Cafe/joke_0.eaf"
7.17,0.87,"Laughter","file:///E:/GitHub/CapstoneWork/Mid-Joke Laughter Annotations/2019-04-18 Bombs Away Cafe/joke_10.eaf"
9.45,1.11,"Laughter","file:///E:/GitHub/CapstoneWork/Mid-Joke Laughter Annotations/2019-04-18 Bombs Away Cafe/joke_10.eaf"
14.03,1.25,"Laughter","file:///E:/GitHub/CapstoneWork/Mid-Joke Laughter Annotations/2019-04-18 Bombs Away Cafe/joke_10.eaf"
16.99,0.947,"Laughter","file:///E:/GitHub/CapstoneWork/Mid-Joke Laughter Annotations/2019-04-18 Bombs Away Cafe/joke_10.eaf"
0.0,0.41,"Laughter","file:///E:/GitHub/CapstoneWork/Mid-Joke Laughter Annotations/2019-04-18 Bombs Away Cafe/joke_12.eaf"
14.83,1.0,"Laughter","file:///E:/GitHub/CapstoneWork/Mid-Joke Laughter Annotations/2019-04-18 Bombs Away Cafe/joke_12.eaf"
5.79,0.72,"Laughter","file:///E:/GitHub/CapstoneWork/Mid-Joke Laughter Annotations/2019-04-18 Bombs Away Cafe/joke_13.eaf"
18.16,1.09,"Laughter","file:///E:/GitHub/CapstoneWork/Mid-Joke Laughter Annotations/2019-04-18 Bombs Away Cafe/joke_14.eaf"
0.0,1.04,"Laughter","file:///E:/GitHub/CapstoneWork/Mid-Joke Laughter Annotations/2019-04-18 Bombs Away Cafe/joke_17.eaf"
6.87,0.497,"Laughter","file:///E:/GitHub/CapstoneWork/Mid-Joke Laughter Annotations/2019-04-18 Bombs Away Cafe/joke_17.eaf"
3.322,5.427,"Applause","file:///E:/GitHub/CapstoneWork/Mid-Joke Laughter Annotations/2019-04-18 Bombs Away Cafe/joke_20.eaf"
22.27,0.728,"Laughter","file:///E:/GitHub/CapstoneWork/Mid-Joke Laughter Annotations/2019-04-18 Bombs Away Cafe/joke_3.eaf"
7.75,1.11,"Giggle","file:///E:/GitHub/CapstoneWork/Mid-Joke Laughter Annotations/2019-04-18 Bombs Away Cafe/joke_5.eaf"
12.87,2.29,"Laughter","file:///E:/GitHub/CapstoneWork/Mid-Joke Laughter Annotations/2019-04-18 Bombs Away Cafe/joke_5.eaf"
2.28,1.69,"Laughter","file:///E:/GitHub/CapstoneWork/Mid-Joke Laughter Annotations/2019-04-18 Bombs Away Cafe/joke_6.eaf"
5.99,2.471,"Laughter","file:///E:/GitHub/CapstoneWork/Mid-Joke Laughter Annotations/2019-04-18 Bombs Away Cafe/joke_6.eaf"
10.66,1.44,"Laughter","file:///E:/GitHub/CapstoneWork/Mid-Joke Laughter Annotations/2019-04-18 Bombs Away Cafe/joke_7.eaf"
20.995,0.94,"Giggling","file:///E:/GitHub/CapstoneWork/Mid-Joke Laughter Annotations/2019-04-18 Bombs Away Cafe/joke_7.eaf"
23.41,1.52,"Laughter","file:///E:/GitHub/CapstoneWork/Mid-Joke Laughter Annotations/2019-04-18 Bombs Away Cafe/joke_7.eaf"
25.585,0.71,"Giggling","file:///E:/GitHub/CapstoneWork/Mid-Joke Laughter Annotations/2019-04-18 Bombs Away Cafe/joke_7.eaf"
26.515,1.22,"Laughter","file:///E:/GitHub/CapstoneWork/Mid-Joke Laughter Annotations/2019-04-18 Bombs Away Cafe/joke_7.eaf"
28.7,1.27,"Laughter","file:///E:/GitHub/CapstoneWork/Mid-Joke Laughter Annotations/2019-04-18 Bombs Away Cafe/joke_7.eaf"
2.15,1.46,"Laughter","file:///E:/GitHub/CapstoneWork/Mid-Joke Laughter Annotations/2019-04-18 Bombs Away Cafe/joke_8.eaf"
11.67,1.543,"Laughter","file:///E:/GitHub/CapstoneWork/Mid-Joke Laughter Annotations/2019-04-19 Singu-hilarity/joke_0.eaf"
4.0,1.5,"Laughter","file:///E:/GitHub/CapstoneWork/Mid-Joke Laughter Annotations/2019-04-19 Singu-hilarity/joke_10.eaf"
13.79,1.84,"Laughter","file:///E:/GitHub/CapstoneWork/Mid-Joke Laughter Annotations/2019-04-19 Singu-hilarity/joke_11.eaf"
6.61,1.93,"Chuckle","file:///E:/GitHub/CapstoneWork/Mid-Joke Laughter Annotations/2019-04-19 Singu-hilarity/joke_12.eaf"
24.75,0.408,"Laughter","file:///E:/GitHub/CapstoneWork/Mid-Joke Laughter Annotations/2019-04-19 Singu-hilarity/joke_13.eaf"
0.0,0.73,"Laughter","file:///E:/GitHub/CapstoneWork/Mid-Joke Laughter Annotations/2019-04-19 Singu-hilarity/joke_15.eaf"
10.79,1.03,"Chuckles (?)","file:///E:/GitHub/CapstoneWork/Mid-Joke Laughter Annotations/2019-04-19 Singu-hilarity/joke_15.eaf"
10.04,1.28,"Laughter","file:///E:/GitHub/CapstoneWork/Mid-Joke Laughter Annotations/2019-04-19 Singu-hilarity/joke_16.eaf"
4.61,0.88,"Laughter","file:///E:/GitHub/CapstoneWork/Mid-Joke Laughter Annotations/2019-04-19 Singu-hilarity/joke_19.eaf"
6.17,1.1,"Laughter","file:///E:/GitHub/CapstoneWork/Mid-Joke Laughter Annotations/2019-04-19 Singu-hilarity/joke_20.eaf"
3.36,0.58,"Laughter","file:///E:/GitHub/CapstoneWork/Mid-Joke Laughter Annotations/2019-04-19 Singu-hilarity/joke_21.eaf"
5.385,0.69,"Laughter","file:///E:/GitHub/CapstoneWork/Mid-Joke Laughter Annotations/2019-04-19 Singu-hilarity/joke_21.eaf"
6.43,1.54,"Laughter","file:///E:/GitHub/CapstoneWork/Mid-Joke Laughter Annotations/2019-04-19 Singu-hilarity/joke_22.eaf"
12.3,0.96,"Laughter","file:///E:/GitHub/CapstoneWork/Mid-Joke Laughter Annotations/2019-04-19 Singu-hilarity/joke_26.eaf"
11.2,1.12,"Laughter","file:///E:/GitHub/CapstoneWork/Mid-Joke Laughter Annotations/2019-04-19 Singu-hilarity/joke_28.eaf"
16.525,0.82,"Laughter","file:///E:/GitHub/CapstoneWork/Mid-Joke Laughter Annotations/2019-04-19 Singu-hilarity/joke_28.eaf"
19.4,1.24,"Laughter","file:///E:/GitHub/CapstoneWork/Mid-Joke Laughter Annotations/2019-04-19 Singu-hilarity/joke_28.eaf"
24.44,0.6,"Laughter","file:///E:/GitHub/CapstoneWork/Mid-Joke Laughter Annotations/2019-04-19 Singu-hilarity/joke_28.eaf"
9.88,0.914,"Laughter","file:///E:/GitHub/CapstoneWork/Mid-Joke Laughter Annotations/2019-04-19 Singu-hilarity/joke_29.eaf"
10.1,1.33,"Laughter","file:///E:/GitHub/CapstoneWork/Mid-Joke Laughter Annotations/2019-04-19 Singu-hilarity/joke_3.eaf"
14.65,0.69,"Chuckle","file:///E:/GitHub/CapstoneWork/Mid-Joke Laughter Annotations/2019-04-19 Singu-hilarity/joke_3.eaf"
19.61,2.503,"Laughter","file:///E:/GitHub/CapstoneWork/Mid-Joke Laughter Annotations/2019-04-19 Singu-hilarity/joke_3.eaf"
16.53,0.95,"Laughter","file:///E:/GitHub/CapstoneWork/Mid-Joke Laughter Annotations/2019-04-19 Singu-hilarity/joke_30.eaf"
7.24,0.653,"Laughter","file:///E:/GitHub/CapstoneWork/Mid-Joke Laughter Annotations/2019-04-19 Singu-hilarity/joke_31.eaf"
3.17,1.47,"Laughter","file:///E:/GitHub/CapstoneWork/Mid-Joke Laughter Annotations/2019-04-19 Singu-hilarity/joke_32.eaf"
20.36,1.22,"Laughter","file:///E:/GitHub/CapstoneWork/Mid-Joke Laughter Annotations/2019-04-19 Singu-hilarity/joke_33.eaf"
8.01,1.53,"Laughter","file:///E:/GitHub/CapstoneWork/Mid-Joke Laughter Annotations/2019-04-19 Singu-hilarity/joke_34.eaf"
11.19,1.13,"Laughter","file:///E:/GitHub/CapstoneWork/Mid-Joke Laughter Annotations/2019-04-19 Singu-hilarity/joke_35.eaf"
0.0,0.61,"Laughter","file:///E:/GitHub/CapstoneWork/Mid-Joke Laughter Annotations/2019-04-19 Singu-hilarity/joke_36.eaf"
0.0,1.55,"Laughter","file:///E:/GitHub/CapstoneWork/Mid-Joke Laughter Annotations/2019-04-19 Singu-hilarity/joke_38.eaf"
3.2,4.042,"Applause","file:///E:/GitHub/CapstoneWork/Mid-Joke Laughter Annotations/2019-04-19 Singu-hilarity/joke_41.eaf"
0.0,0.99,"Laughter","file:///E:/GitHub/CapstoneWork/Mid-Joke Laughter Annotations/2019-04-22 Class Performance/joke_16.eaf"
4.41,1.09,"Chuckles","file:///E:/GitHub/CapstoneWork/Mid-Joke Laughter Annotations/2019-04-22 Class Performance/joke_6.eaf"
7.41,1.498,"Laughter","file:///E:/GitHub/CapstoneWork/Mid-Joke Laughter Annotations/2019-04-22 Class Performance/joke_8.eaf"
10.742,1.708,"Laughter","file:///E:/GitHub/CapstoneWork/Mid-Joke Laughter Annotations/2019-05-16 Bombs Away Cafe/joke_0.eaf"
18.52,1.08,"Laughter","file:///E:/GitHub/CapstoneWork/Mid-Joke Laughter Annotations/2019-05-16 Bombs Away Cafe/joke_1.eaf"
9.08,1.82,"Laughter","file:///E:/GitHub/CapstoneWork/Mid-Joke Laughter Annotations/2019-05-16 Bombs Away Cafe/joke_2.eaf"
13.945,1.04,"Laughter","file:///E:/GitHub/CapstoneWork/Mid-Joke Laughter Annotations/2019-05-16 Bombs Away Cafe/joke_2.eaf"
17.72,2.31,"Laughter","file:///E:/GitHub/CapstoneWork/Mid-Joke Laughter Annotations/2019-05-16 Bombs Away Cafe/joke_2.eaf"
0.0,1.02,"Laughter","file:///E:/GitHub/CapstoneWork/Mid-Joke Laughter Annotations/2019-05-16 Bombs Away Cafe/joke_3.eaf"
11.51,0.69,"Laughter","file:///E:/GitHub/CapstoneWork/Mid-Joke Laughter Annotations/2019-05-16 Bombs Away Cafe/joke_3.eaf"
21.92,0.639,"Laughter","file:///E:/GitHub/CapstoneWork/Mid-Joke Laughter Annotations/2019-05-16 Bombs Away Cafe/joke_4.eaf"
8.65,1.345,"Laughter","file:///E:/GitHub/CapstoneWork/Mid-Joke Laughter Annotations/2019-05-16 Bombs Away Cafe/joke_5.eaf"
9.58,0.43,"Chuckle","file:///E:/GitHub/CapstoneWork/Mid-Joke Laughter Annotations/2019-05-16 Bombs Away Cafe/joke_6.eaf"
15.29,1.56,"Laughter","file:///E:/GitHub/CapstoneWork/Mid-Joke Laughter Annotations/2019-05-16 Bombs Away Cafe/joke_6.eaf"
2.86,1.72,"Laughter","file:///E:/GitHub/CapstoneWork/Mid-Joke Laughter Annotations/2019-05-16 Bombs Away Cafe/joke_7.eaf"
9.975,0.733,"Laughter","file:///E:/GitHub/CapstoneWork/Mid-Joke Laughter Annotations/2019-05-16 Bombs Away Cafe/joke_7.eaf"
2.97,5.02,"Applause","file:///E:/GitHub/CapstoneWork/Mid-Joke Laughter Annotations/2019-05-16 Bombs Away Cafe/joke_8.eaf"
10.77,1.19,"Medium Laughter","file:///E:/GitHub/CapstoneWork/Mid-Joke Laughter Annotations/2019-06-19 Trek Theater/Annotations/joke_0.eaf"
6.73,0.61,"Quiet Laughter","file:///E:/GitHub/CapstoneWork/Mid-Joke Laughter Annotations/2019-06-19 Trek Theater/Annotations/joke_1.eaf"
4.183,1.483,"Laughter","file:///E:/GitHub/CapstoneWork/Mid-Joke Laughter Annotations/2019-06-19 Trek Theater/Annotations/joke_12.eaf"
3.0,1.125,"Laughter","file:///E:/GitHub/CapstoneWork/Mid-Joke Laughter Annotations/2019-06-19 Trek Theater/Annotations/joke_13.eaf"
5.8,1.9,"Laughter","file:///E:/GitHub/CapstoneWork/Mid-Joke Laughter Annotations/2019-06-19 Trek Theater/Annotations/joke_13.eaf"
5.966,2.2,"Laughter","file:///E:/GitHub/CapstoneWork/Mid-Joke Laughter Annotations/2019-06-19 Trek Theater/Annotations/joke_14.eaf"
5.7,1.15,"Laughter","file:///E:/GitHub/CapstoneWork/Mid-Joke Laughter Annotations/2019-06-19 Trek Theater/Annotations/joke_15.eaf"
14.3,1.5,"Laughter","file:///E:/GitHub/CapstoneWork/Mid-Joke Laughter Annotations/2019-06-19 Trek Theater/Annotations/joke_15.eaf"
17.1,0.55,"Laughter (Close to end)","file:///E:/GitHub/CapstoneWork/Mid-Joke Laughter Annotations/2019-06-19 Trek Theater/Annotations/joke_15.eaf"
9.533,1.2,"Laughter","file:///E:/GitHub/CapstoneWork/Mid-Joke Laughter Annotations/2019-06-19 Trek Theater/Annotations/joke_17.eaf"
11.7,1.066,"Laughter","file:///E:/GitHub/CapstoneWork/Mid-Joke Laughter Annotations/2019-06-19 Trek Theater/Annotations/joke_17.eaf"
10.95,1.95,"Laughter","file:///E:/GitHub/CapstoneWork/Mid-Joke Laughter Annotations/2019-06-19 Trek Theater/Annotations/joke_18.eaf"
15.45,1.65,"Laughter","file:///E:/GitHub/CapstoneWork/Mid-Joke Laughter Annotations/2019-06-19 Trek Theater/Annotations/joke_18.eaf"
18.25,1.4,"Laughter","file:///E:/GitHub/CapstoneWork/Mid-Joke Laughter Annotations/2019-06-19 Trek Theater/Annotations/joke_18.eaf"
20.675,1.75,"Laughter","file:///E:/GitHub/CapstoneWork/Mid-Joke Laughter Annotations/2019-06-19 Trek Theater/Annotations/joke_18.eaf"
15.1,2.4,"Laughter","file:///E:/GitHub/CapstoneWork/Mid-Joke Laughter Annotations/2019-06-19 Trek Theater/Annotations/joke_20.eaf"
2.7,2.742,"Laughter","file:///E:/GitHub/CapstoneWork/Mid-Joke Laughter Annotations/2019-06-19 Trek Theater/Annotations/joke_21.eaf"
7.1,1.45,"Laughter","file:///E:/GitHub/CapstoneWork/Mid-Joke Laughter Annotations/2019-06-19 Trek Theater/Annotations/joke_21.eaf"
17.8,2.1,"Laughter","file:///E:/GitHub/CapstoneWork/Mid-Joke Laughter Annotations/2019-06-19 Trek Theater/Annotations/joke_22.eaf"
4.587,0.763,"Laughter","file:///E:/GitHub/CapstoneWork/Mid-Joke Laughter Annotations/2019-06-19 Trek Theater/Annotations/joke_23.eaf"
10.466,2.167,"Laughter","file:///E:/GitHub/CapstoneWork/Mid-Joke Laughter Annotations/2019-06-19 Trek Theater/Annotations/joke_24.eaf"
18.657,1.134,"Laughter","file:///E:/GitHub/CapstoneWork/Mid-Joke Laughter Annotations/2019-06-19 Trek Theater/Annotations/joke_24.eaf"
26.849,1.283,"Laughter","file:///E:/GitHub/CapstoneWork/Mid-Joke Laughter Annotations/2019-06-19 Trek Theater/Annotations/joke_24.eaf"
13.366,2.816,"Laughter","file:///E:/GitHub/CapstoneWork/Mid-Joke Laughter Annotations/2019-06-19 Trek Theater/Annotations/joke_25.eaf"
26.799,1.084,"Laughter","file:///E:/GitHub/CapstoneWork/Mid-Joke Laughter Annotations/2019-06-19 Trek Theater/Annotations/joke_25.eaf"
28.233,2.566,"Laughter","file:///E:/GitHub/CapstoneWork/Mid-Joke Laughter Annotations/2019-06-19 Trek Theater/Annotations/joke_25.eaf"
7.21,1.23,"Laughter","file:///E:/GitHub/CapstoneWork/Mid-Joke Laughter Annotations/2019-06-19 Trek Theater/Annotations/joke_26.eaf"
12.54,4.45,"Laughter","file:///E:/GitHub/CapstoneWork/Mid-Joke Laughter Annotations/2019-06-19 Trek Theater/Annotations/joke_26.eaf"
2.399,1.978,"Laughter","file:///E:/GitHub/CapstoneWork/Mid-Joke Laughter Annotations/2019-06-19 Trek Theater/Annotations/joke_27.eaf"
2.65,5.075,"Applause","file:///E:/GitHub/CapstoneWork/Mid-Joke Laughter Annotations/2019-06-19 Trek Theater/Annotations/joke_31.eaf"
10.153,2.0,"Loud Laughter","file:///E:/GitHub/CapstoneWork/Mid-Joke Laughter Annotations/2019-06-19 Trek Theater/Annotations/joke_6.eaf"
10.099,1.734,"Laughter","file:///E:/GitHub/CapstoneWork/Mid-Joke Laughter Annotations/2019-06-19 Trek Theater/Annotations/joke_9.eaf"
4.5,1.312,"Laughter(?)","file:///E:/GitHub/CapstoneWork/Mid-Joke Laughter Annotations/2019-06-20 Bombs Away Cafe/joke_10.eaf"
12.933,1.033,"Chuckle","file:///E:/GitHub/CapstoneWork/Mid-Joke Laughter Annotations/2019-06-20 Bombs Away Cafe/joke_2.eaf"
15.266,3.031,"Laughter","file:///E:/GitHub/CapstoneWork/Mid-Joke Laughter Annotations/2019-06-20 Bombs Away Cafe/joke_2.eaf"
2.137,1.75,"Laughter","file:///E:/GitHub/CapstoneWork/Mid-Joke Laughter Annotations/2019-06-20 Bombs Away Cafe/joke_3.eaf"
14.95,1.7,"Chuckle","file:///E:/GitHub/CapstoneWork/Mid-Joke Laughter Annotations/2019-06-20 Bombs Away Cafe/joke_4.eaf"
2.862,1.75,"Laughter","file:///E:/GitHub/CapstoneWork/Mid-Joke Laughter Annotations/2019-06-20 Bombs Away Cafe/joke_5.eaf"
18.5,1.65,"Laughter","file:///E:/GitHub/CapstoneWork/Mid-Joke Laughter Annotations/2019-06-20 Bombs Away Cafe/joke_6.eaf"
10.733,1.333,"Laughter","file:///E:/GitHub/CapstoneWork/Mid-Joke Laughter Annotations/2019-06-20 Bombs Away Cafe/joke_8.eaf"
18.066,3.133,"Laughter","file:///E:/GitHub/CapstoneWork/Mid-Joke Laughter Annotations/2019-06-20 Bombs Away Cafe/joke_8.eaf"
15.5,2.02,"Laughter","file:///E:/GitHub/CapstoneWork/Mid-Joke Laughter Annotations/2019-06-20 Bombs Away Cafe/joke_9.eaf"
20.2,2.24,"Laughter","file:///E:/GitHub/CapstoneWork/Mid-Joke Laughter Annotations/2019-06-20 Bombs Away Cafe/joke_9.eaf"
8.2,1.175,"Chuckle","file:///E:/GitHub/CapstoneWork/Mid-Joke Laughter Annotations/2019-08-15 Bombs Away Cafe/joke_13.eaf"
3.94,0.75,"Laughter","file:///E:/GitHub/CapstoneWork/Mid-Joke Laughter Annotations/2019-08-15 Bombs Away Cafe/joke_14.eaf"
7.949,0.434,"Chuckle","file:///E:/GitHub/CapstoneWork/Mid-Joke Laughter Annotations/2019-08-15 Bombs Away Cafe/joke_14.eaf"
4.44,1.71,"Laughter","file:///E:/GitHub/CapstoneWork/Mid-Joke Laughter Annotations/2019-08-15 Bombs Away Cafe/joke_17.eaf"
0.02,1.65,"Laughter (Exception to readme criteria)","file:///E:/GitHub/CapstoneWork/Mid-Joke Laughter Annotations/2019-08-15 Bombs Away Cafe/joke_19.eaf"
6.23,1.82,"Laughter","file:///E:/GitHub/CapstoneWork/Mid-Joke Laughter Annotations/2019-08-15 Bombs Away Cafe/joke_20.eaf"
6.37,2.12,"Laughter","file:///E:/GitHub/CapstoneWork/Mid-Joke Laughter Annotations/2019-08-15 Bombs Away Cafe/joke_21.eaf"
9.66,1.22,"Laughter","file:///E:/GitHub/CapstoneWork/Mid-Joke Laughter Annotations/2019-08-15 Bombs Away Cafe/joke_21.eaf"
16.825,0.98,"Laughter","file:///E:/GitHub/CapstoneWork/Mid-Joke Laughter Annotations/2019-08-15 Bombs Away Cafe/joke_21.eaf"
7.41,0.483,"Laughter","file:///E:/GitHub/CapstoneWork/Mid-Joke Laughter Annotations/2019-08-15 Bombs Away Cafe/joke_22.eaf"
4.625,0.837,"Laughter","file:///E:/GitHub/CapstoneWork/Mid-Joke Laughter Annotations/2019-08-15 Bombs Away Cafe/joke_23.eaf"
0.12,0.73,"Laughter (Exception to readme)","file:///E:/GitHub/CapstoneWork/Mid-Joke Laughter Annotations/2019-08-15 Bombs Away Cafe/joke_24.eaf"
11.45,1.15,"Laughter","file:///E:/GitHub/CapstoneWork/Mid-Joke Laughter Annotations/2019-08-15 Bombs Away Cafe/joke_24.eaf"
9.84,2.35,"Laughter","file:///E:/GitHub/CapstoneWork/Mid-Joke Laughter Annotations/2019-08-15 Bombs Away Cafe/joke_26.eaf"
18.25,0.62,"Laughter","file:///E:/GitHub/CapstoneWork/Mid-Joke Laughter Annotations/2019-08-15 Bombs Away Cafe/joke_26.eaf"
20.055,0.88,"Laughter","file:///E:/GitHub/CapstoneWork/Mid-Joke Laughter Annotations/2019-08-15 Bombs Away Cafe/joke_26.eaf"
22.38,1.01,"Laughter","file:///E:/GitHub/CapstoneWork/Mid-Joke Laughter Annotations/2019-08-15 Bombs Away Cafe/joke_26.eaf"
25.41,1.25,"Laughter","file:///E:/GitHub/CapstoneWork/Mid-Joke Laughter Annotations/2019-08-15 Bombs Away Cafe/joke_26.eaf"
27.94,2.1,"Laughter","file:///E:/GitHub/CapstoneWork/Mid-Joke Laughter Annotations/2019-08-15 Bombs Away Cafe/joke_26.eaf"
7.59,1.53,"Laughter","file:///E:/GitHub/CapstoneWork/Mid-Joke Laughter Annotations/2019-08-15 Bombs Away Cafe/joke_27.eaf"
15.716,1.433,"Laughter","file:///E:/GitHub/CapstoneWork/Mid-Joke Laughter Annotations/2019-08-15 Bombs Away Cafe/joke_28.eaf"
9.01,1.5,"Laughter","file:///E:/GitHub/CapstoneWork/Mid-Joke Laughter Annotations/2019-08-15 Bombs Away Cafe/joke_3.eaf"
13.56,1.7,"Laughter","file:///E:/GitHub/CapstoneWork/Mid-Joke Laughter Annotations/2019-08-15 Bombs Away Cafe/joke_3.eaf"
2.96,0.9,"Chuckle","file:///E:/GitHub/CapstoneWork/Mid-Joke Laughter Annotations/2019-08-15 Bombs Away Cafe/joke_30.eaf"
18.25,1.61,"Laughter","file:///E:/GitHub/CapstoneWork/Mid-Joke Laughter Annotations/2019-08-15 Bombs Away Cafe/joke_31.eaf"
10.716,1.417,"Laughter","file:///E:/GitHub/CapstoneWork/Mid-Joke Laughter Annotations/2019-08-15 Bombs Away Cafe/joke_34.eaf"
22.284,2.1,"Laughter","file:///E:/GitHub/CapstoneWork/Mid-Joke Laughter Annotations/2019-08-15 Bombs Away Cafe/joke_34.eaf"
26.602,1.416,"Laughter","file:///E:/GitHub/CapstoneWork/Mid-Joke Laughter Annotations/2019-08-15 Bombs Away Cafe/joke_34.eaf"
14.423,2.269,"Laughter","file:///E:/GitHub/CapstoneWork/Mid-Joke Laughter Annotations/2019-08-15 Bombs Away Cafe/joke_36.eaf"
23.974,1.195,"Laughter","file:///E:/GitHub/CapstoneWork/Mid-Joke Laughter Annotations/2019-08-15 Bombs Away Cafe/joke_36.eaf"
26.969,3.122,"Laughter","file:///E:/GitHub/CapstoneWork/Mid-Joke Laughter Annotations/2019-08-15 Bombs Away Cafe/joke_36.eaf"
2.8,5.301,"Applause","file:///E:/GitHub/CapstoneWork/Mid-Joke Laughter Annotations/2019-08-15 Bombs Away Cafe/joke_37.eaf"
6.633,1.133,"Laughter","file:///E:/GitHub/CapstoneWork/Mid-Joke Laughter Annotations/2019-08-23 Spectrum/joke_1.eaf"
11.666,1.434,"Laughter","file:///E:/GitHub/CapstoneWork/Mid-Joke Laughter Annotations/2019-08-23 Spectrum/joke_1.eaf"
2.02,1.26,"Laughter(?)","file:///E:/GitHub/CapstoneWork/Mid-Joke Laughter Annotations/2019-08-23 Spectrum/joke_10.eaf"
5.13,0.63,"Chuckle","file:///E:/GitHub/CapstoneWork/Mid-Joke Laughter Annotations/2019-08-23 Spectrum/joke_11.eaf"
0.14,0.86,"Laughter (exception to readme)","file:///E:/GitHub/CapstoneWork/Mid-Joke Laughter Annotations/2019-08-23 Spectrum/joke_13.eaf"
3.19,1.05,"Laughter","file:///E:/GitHub/CapstoneWork/Mid-Joke Laughter Annotations/2019-08-23 Spectrum/joke_13.eaf"
6.01,0.96,"Laughter","file:///E:/GitHub/CapstoneWork/Mid-Joke Laughter Annotations/2019-08-23 Spectrum/joke_13.eaf"
6.08,1.46,"Laughter","file:///E:/GitHub/CapstoneWork/Mid-Joke Laughter Annotations/2019-08-23 Spectrum/joke_14.eaf"
6.31,0.55,"Laughter","file:///E:/GitHub/CapstoneWork/Mid-Joke Laughter Annotations/2019-08-23 Spectrum/joke_15.eaf"
8.45,1.03,"Laughter","file:///E:/GitHub/CapstoneWork/Mid-Joke Laughter Annotations/2019-08-23 Spectrum/joke_15.eaf"
9.88,0.95,"Laughter","file:///E:/GitHub/CapstoneWork/Mid-Joke Laughter Annotations/2019-08-23 Spectrum/joke_15.eaf"
14.33,0.87,"Laughter","file:///E:/GitHub/CapstoneWork/Mid-Joke Laughter Annotations/2019-08-23 Spectrum/joke_15.eaf"
16.43,1.24,"Laughter","file:///E:/GitHub/CapstoneWork/Mid-Joke Laughter Annotations/2019-08-23 Spectrum/joke_15.eaf"
12.01,1.62,"Laughter","file:///E:/GitHub/CapstoneWork/Mid-Joke Laughter Annotations/2019-08-23 Spectrum/joke_17.eaf"
10.63,2.56,"Laughter","file:///E:/GitHub/CapstoneWork/Mid-Joke Laughter Annotations/2019-08-23 Spectrum/joke_18.eaf"
15.585,0.86,"Laughter","file:///E:/GitHub/CapstoneWork/Mid-Joke Laughter Annotations/2019-08-23 Spectrum/joke_18.eaf"
18.69,0.98,"Laughter","file:///E:/GitHub/CapstoneWork/Mid-Joke Laughter Annotations/2019-08-23 Spectrum/joke_18.eaf"
20.445,1.17,"Laughter","file:///E:/GitHub/CapstoneWork/Mid-Joke Laughter Annotations/2019-08-23 Spectrum/joke_18.eaf"
23.345,1.11,"Laughter","file:///E:/GitHub/CapstoneWork/Mid-Joke Laughter Annotations/2019-08-23 Spectrum/joke_18.eaf"
28.405,0.98,"Far laughter","file:///E:/GitHub/CapstoneWork/Mid-Joke Laughter Annotations/2019-08-23 Spectrum/joke_18.eaf"
6.25,1.225,"Laughter","file:///E:/GitHub/CapstoneWork/Mid-Joke Laughter Annotations/2019-08-23 Spectrum/joke_2.eaf"
14.25,1.35,"Laughter","file:///E:/GitHub/CapstoneWork/Mid-Joke Laughter Annotations/2019-08-23 Spectrum/joke_2.eaf"
14.92,2.81,"Laughter","file:///E:/GitHub/CapstoneWork/Mid-Joke Laughter Annotations/2019-08-23 Spectrum/joke_20.eaf"
3.11,1.56,"Laughter","file:///E:/GitHub/CapstoneWork/Mid-Joke Laughter Annotations/2019-08-23 Spectrum/joke_21.eaf"
7.645,0.88,"Chuckle","file:///E:/GitHub/CapstoneWork/Mid-Joke Laughter Annotations/2019-08-23 Spectrum/joke_21.eaf"
6.17,1.42,"Laughter","file:///E:/GitHub/CapstoneWork/Mid-Joke Laughter Annotations/2019-08-23 Spectrum/joke_22.eaf"
18.045,1.55,"Laughter","file:///E:/GitHub/CapstoneWork/Mid-Joke Laughter Annotations/2019-08-23 Spectrum/joke_22.eaf"
4.65,1.69,"Laughter","file:///E:/GitHub/CapstoneWork/Mid-Joke Laughter Annotations/2019-08-23 Spectrum/joke_23.eaf"
17.26,2.28,"Laughter","file:///E:/GitHub/CapstoneWork/Mid-Joke Laughter Annotations/2019-08-23 Spectrum/joke_24.eaf"
21.555,1.12,"Laughter","file:///E:/GitHub/CapstoneWork/Mid-Joke Laughter Annotations/2019-08-23 Spectrum/joke_24.eaf"
14.415,2.36,"Laughter","file:///E:/GitHub/CapstoneWork/Mid-Joke Laughter Annotations/2019-08-23 Spectrum/joke_25.eaf"
20.09,2.59,"Laughter","file:///E:/GitHub/CapstoneWork/Mid-Joke Laughter Annotations/2019-08-23 Spectrum/joke_25.eaf"
27.16,1.53,"Laughter","file:///E:/GitHub/CapstoneWork/Mid-Joke Laughter Annotations/2019-08-23 Spectrum/joke_25.eaf"
7.11,1.77,"Laughter","file:///E:/GitHub/CapstoneWork/Mid-Joke Laughter Annotations/2019-08-23 Spectrum/joke_26.eaf"
9.76,0.9,"Laughter","file:///E:/GitHub/CapstoneWork/Mid-Joke Laughter Annotations/2019-08-23 Spectrum/joke_26.eaf"
12.575,3.3,"Laughter","file:///E:/GitHub/CapstoneWork/Mid-Joke Laughter Annotations/2019-08-23 Spectrum/joke_26.eaf"
2.385,1.629,"Laughter","file:///E:/GitHub/CapstoneWork/Mid-Joke Laughter Annotations/2019-08-23 Spectrum/joke_27.eaf"
3.757,4.15,"Applause","file:///E:/GitHub/CapstoneWork/Mid-Joke Laughter Annotations/2019-08-23 Spectrum/joke_31.eaf"
10.25,1.77,"Laughter","file:///E:/GitHub/CapstoneWork/Mid-Joke Laughter Annotations/2019-08-23 Spectrum/joke_6.eaf"
16.74,1.28,"Laughter","file:///E:/GitHub/CapstoneWork/Mid-Joke Laughter Annotations/2019-08-23 Spectrum/joke_8.eaf"
10.26,2.07,"Laughter","file:///E:/GitHub/CapstoneWork/Mid-Joke Laughter Annotations/2019-08-23 Spectrum/joke_9.eaf"
11.28,1.501,"Laughter","file:///E:/GitHub/CapstoneWork/Mid-Joke Laughter Annotations/2019-09-05 Stand-up Science/joke_0.eaf"
6.257,0.871,"Chuckle","file:///E:/GitHub/CapstoneWork/Mid-Joke Laughter Annotations/2019-09-05 Stand-up Science/joke_1.eaf"
18.799,1.47,"Laughter","file:///E:/GitHub/CapstoneWork/Mid-Joke Laughter Annotations/2019-09-05 Stand-up Science/joke_1.eaf"
3.55,1.03,"Laughter","file:///E:/GitHub/CapstoneWork/Mid-Joke Laughter Annotations/2019-09-05 Stand-up Science/joke_10.eaf"
5.1,2.14,"Laughter","file:///E:/GitHub/CapstoneWork/Mid-Joke Laughter Annotations/2019-09-05 Stand-up Science/joke_11.eaf"
2.89,1.06,"Laughter","file:///E:/GitHub/CapstoneWork/Mid-Joke Laughter Annotations/2019-09-05 Stand-up Science/joke_13.eaf"
6.075,0.91,"Laughter","file:///E:/GitHub/CapstoneWork/Mid-Joke Laughter Annotations/2019-09-05 Stand-up Science/joke_13.eaf"
6.55,1.88,"Laughter","file:///E:/GitHub/CapstoneWork/Mid-Joke Laughter Annotations/2019-09-05 Stand-up Science/joke_14.eaf"
6.49,2.39,"Laughter","file:///E:/GitHub/CapstoneWork/Mid-Joke Laughter Annotations/2019-09-05 Stand-up Science/joke_15.eaf"
16.68,1.573,"Laughter","file:///E:/GitHub/CapstoneWork/Mid-Joke Laughter Annotations/2019-09-05 Stand-up Science/joke_15.eaf"
11.79,1.41,"Laughter","file:///E:/GitHub/CapstoneWork/Mid-Joke Laughter Annotations/2019-09-05 Stand-up Science/joke_17.eaf"
11.49,1.41,"Laughter","file:///E:/GitHub/CapstoneWork/Mid-Joke Laughter Annotations/2019-09-05 Stand-up Science/joke_18.eaf"
13.19,0.75,"Laughter","file:///E:/GitHub/CapstoneWork/Mid-Joke Laughter Annotations/2019-09-05 Stand-up Science/joke_18.eaf"
15.94,1.98,"Laughter","file:///E:/GitHub/CapstoneWork/Mid-Joke Laughter Annotations/2019-09-05 Stand-up Science/joke_18.eaf"
18.805,1.16,"Laughter","file:///E:/GitHub/CapstoneWork/Mid-Joke Laughter Annotations/2019-09-05 Stand-up Science/joke_18.eaf"
21.23,1.5,"Laughter","file:///E:/GitHub/CapstoneWork/Mid-Joke Laughter Annotations/2019-09-05 Stand-up Science/joke_18.eaf"
23.625,2.02,"Laughter","file:///E:/GitHub/CapstoneWork/Mid-Joke Laughter Annotations/2019-09-05 Stand-up Science/joke_18.eaf"
26.39,1.19,"Laughter","file:///E:/GitHub/CapstoneWork/Mid-Joke Laughter Annotations/2019-09-05 Stand-up Science/joke_18.eaf"
29.1,1.82,"Laughter","file:///E:/GitHub/CapstoneWork/Mid-Joke Laughter Annotations/2019-09-05 Stand-up Science/joke_18.eaf"
8.68,1.826,"Laughter","file:///E:/GitHub/CapstoneWork/Mid-Joke Laughter Annotations/2019-09-05 Stand-up Science/joke_19.eaf"
9.533,1.367,"Laughter","file:///E:/GitHub/CapstoneWork/Mid-Joke Laughter Annotations/2019-09-05 Stand-up Science/joke_2.eaf"
12.2,1.133,"Laughter","file:///E:/GitHub/CapstoneWork/Mid-Joke Laughter Annotations/2019-09-05 Stand-up Science/joke_2.eaf"
14.616,1.3,"Laughter","file:///E:/GitHub/CapstoneWork/Mid-Joke Laughter Annotations/2019-09-05 Stand-up Science/joke_2.eaf"
18.416,2.285,"Laughter","file:///E:/GitHub/CapstoneWork/Mid-Joke Laughter Annotations/2019-09-05 Stand-up Science/joke_2.eaf"
16.38,1.4,"Laughter","file:///E:/GitHub/CapstoneWork/Mid-Joke Laughter Annotations/2019-09-05 Stand-up Science/joke_20.eaf"
0.18,1.47,"Laughter (Exception to readme)","file:///E:/GitHub/CapstoneWork/Mid-Joke Laughter Annotations/2019-09-05 Stand-up Science/joke_21.eaf"
19.06,1.85,"Laughter","file:///E:/GitHub/CapstoneWork/Mid-Joke Laughter Annotations/2019-09-05 Stand-up Science/joke_22.eaf"
10.66,2.01,"Laughter","file:///E:/GitHub/CapstoneWork/Mid-Joke Laughter Annotations/2019-09-05 Stand-up Science/joke_24.eaf"
27.73,0.89,"Laughter","file:///E:/GitHub/CapstoneWork/Mid-Joke Laughter Annotations/2019-09-05 Stand-up Science/joke_24.eaf"
14.037,2.775,"Laughter","file:///E:/GitHub/CapstoneWork/Mid-Joke Laughter Annotations/2019-09-05 Stand-up Science/joke_25.eaf"
23.643,0.962,"Chuckle","file:///E:/GitHub/CapstoneWork/Mid-Joke Laughter Annotations/2019-09-05 Stand-up Science/joke_25.eaf"
28.956,1.725,"Laughter","file:///E:/GitHub/CapstoneWork/Mid-Joke Laughter Annotations/2019-09-05 Stand-up Science/joke_25.eaf"
1.442,1.315,"Laughter","file:///E:/GitHub/CapstoneWork/Mid-Joke Laughter Annotations/2019-09-05 Stand-up Science/joke_26.eaf"
3.971,4.62,"Applause","file:///E:/GitHub/CapstoneWork/Mid-Joke Laughter Annotations/2019-09-05 Stand-up Science/joke_26.eaf"
6.98,0.76,"Chuckle","file:///E:/GitHub/CapstoneWork/Mid-Joke Laughter Annotations/2019-09-05 Stand-up Science/joke_5.eaf"
8.02,1.0,"Back chuckle","file:///E:/GitHub/CapstoneWork/Mid-Joke Laughter Annotations/2019-09-05 Stand-up Science/joke_6.eaf"
12.865,0.86,"Chuckle","file:///E:/GitHub/CapstoneWork/Mid-Joke Laughter Annotations/2019-09-05 Stand-up Science/joke_6.eaf"
13.83,2.59,"Post","file:///E:/GitHub/CapstoneWork/Mid-Joke Laughter Annotations/2019-09-06 Naomi and Sara Laugh at Routine (Weird)/joke_10.eaf"
0.0,1.9,"Leftover","file:///E:/GitHub/CapstoneWork/Mid-Joke Laughter Annotations/2019-09-06 Naomi and Sara Laugh at Routine (Weird)/joke_16.eaf"
19.33,2.42,"Post","file:///E:/GitHub/CapstoneWork/Mid-Joke Laughter Annotations/2019-09-06 Naomi and Sara Laugh at Routine (Weird)/joke_3.eaf"
10.7,0.656,"Post","file:///E:/GitHub/CapstoneWork/Mid-Joke Laughter Annotations/2019-09-06 Naomi and Sara Laugh at Routine (Weird)/joke_33.eaf"
8.43,2.436,"Post","file:///E:/GitHub/CapstoneWork/Mid-Joke Laughter Annotations/2019-09-06 Naomi and Sara Laugh at Routine (Weird)/joke_36.eaf"
13.44,1.444,"Post","file:///E:/GitHub/CapstoneWork/Mid-Joke Laughter Annotations/2019-09-06 Naomi and Sara Laugh at Routine (Weird)/joke_37.eaf"
6.32,2.631,"Post","file:///E:/GitHub/CapstoneWork/Mid-Joke Laughter Annotations/2019-09-06 Naomi and Sara Laugh at Routine (Weird)/joke_41.eaf"
9.1,0.99,"Post","file:///E:/GitHub/CapstoneWork/Mid-Joke Laughter Annotations/2019-09-06 Naomi and Sara Laugh at Routine (Weird)/joke_42.eaf"
2.63,0.58,"Giggle","file:///E:/GitHub/CapstoneWork/Mid-Joke Laughter Annotations/2019-09-06 Naomi and Sara Laugh at Routine (Weird)/joke_46.eaf"
49.09,1.22,"Laughter","file:///E:/GitHub/CapstoneWork/Mid-Joke Laughter Annotations/2019-09-06 Naomi and Sara Laugh at Routine (Weird)/joke_48.eaf"
56.505,0.463,"Post","file:///E:/GitHub/CapstoneWork/Mid-Joke Laughter Annotations/2019-09-06 Naomi and Sara Laugh at Routine (Weird)/joke_48.eaf"
12.44,0.723,"Post","file:///E:/GitHub/CapstoneWork/Mid-Joke Laughter Annotations/2019-09-06 Naomi and Sara Laugh at Routine (Weird)/joke_49.eaf"
5.63,1.68,"Post","file:///E:/GitHub/CapstoneWork/Mid-Joke Laughter Annotations/2019-09-06 Naomi and Sara Laugh at Routine (Weird)/joke_5.eaf"
4.59,5.196,"Applause","file:///E:/GitHub/CapstoneWork/Mid-Joke Laughter Annotations/2019-09-06 Naomi and Sara Laugh at Routine (Weird)/joke_58.eaf"
0.0,1.24,"Leftover?","file:///E:/GitHub/CapstoneWork/Mid-Joke Laughter Annotations/2019-09-06 Naomi and Sara Laugh at Routine (Weird)/joke_8.eaf"
6.51,0.504,"Post","file:///E:/GitHub/CapstoneWork/Mid-Joke Laughter Annotations/2019-09-06 Naomi and Sara Laugh at Routine (Weird)/joke_9.eaf"
10.94,1.18,"Laughter","file:///E:/GitHub/CapstoneWork/Mid-Joke Laughter Annotations/2019-09-06 RoboCom/joke_0.eaf"
17.46,1.38,"Laughter","file:///E:/GitHub/CapstoneWork/Mid-Joke Laughter Annotations/2019-09-06 RoboCom/joke_1.eaf"
8.16,3.22,"Laughter","file:///E:/GitHub/CapstoneWork/Mid-Joke Laughter Annotations/2019-09-06 RoboCom/joke_16.eaf"
3.79,1.11,"Laughter","file:///E:/GitHub/CapstoneWork/Mid-Joke Laughter Annotations/2019-09-06 RoboCom/joke_19.eaf"
3.912,1.913,"Laughter","file:///E:/GitHub/CapstoneWork/Mid-Joke Laughter Annotations/2019-09-06 RoboCom/joke_2.eaf"
2.89,1.33,"Laughter","file:///E:/GitHub/CapstoneWork/Mid-Joke Laughter Annotations/2019-09-06 RoboCom/joke_20.eaf"
5.73,0.99,"Laughter","file:///E:/GitHub/CapstoneWork/Mid-Joke Laughter Annotations/2019-09-06 RoboCom/joke_20.eaf"
3.15,6.442,"Laughter","file:///E:/GitHub/CapstoneWork/Mid-Joke Laughter Annotations/2019-09-06 RoboCom/joke_21.eaf"
5.96,2.04,"Laughter","file:///E:/GitHub/CapstoneWork/Mid-Joke Laughter Annotations/2019-09-06 RoboCom/joke_22.eaf"
11.6,1.4,"Laughter","file:///E:/GitHub/CapstoneWork/Mid-Joke Laughter Annotations/2019-09-06 RoboCom/joke_24.eaf"
4.4,2.07,"Laughter","file:///E:/GitHub/CapstoneWork/Mid-Joke Laughter Annotations/2019-09-06 RoboCom/joke_26.eaf"
16.0,1.613,"Laughter","file:///E:/GitHub/CapstoneWork/Mid-Joke Laughter Annotations/2019-09-06 RoboCom/joke_27.eaf"
10.1,1.775,"Laughter","file:///E:/GitHub/CapstoneWork/Mid-Joke Laughter Annotations/2019-09-06 RoboCom/joke_29.eaf"
14.5,1.425,"Background laughter","file:///E:/GitHub/CapstoneWork/Mid-Joke Laughter Annotations/2019-09-06 RoboCom/joke_29.eaf"
17.525,1.2,"Background laughter","file:///E:/GitHub/CapstoneWork/Mid-Joke Laughter Annotations/2019-09-06 RoboCom/joke_29.eaf"
19.613,1.725,"Laughter","file:///E:/GitHub/CapstoneWork/Mid-Joke Laughter Annotations/2019-09-06 RoboCom/joke_29.eaf"
22.338,1.225,"Background laughter","file:///E:/GitHub/CapstoneWork/Mid-Joke Laughter Annotations/2019-09-06 RoboCom/joke_29.eaf"
26.813,2.275,"Laughter","file:///E:/GitHub/CapstoneWork/Mid-Joke Laughter Annotations/2019-09-06 RoboCom/joke_29.eaf"
30.163,1.4,"Laughter","file:///E:/GitHub/CapstoneWork/Mid-Joke Laughter Annotations/2019-09-06 RoboCom/joke_29.eaf"
9.14,1.38,"Laughter","file:///E:/GitHub/CapstoneWork/Mid-Joke Laughter Annotations/2019-09-06 RoboCom/joke_3.eaf"
17.005,0.85,"Chuckle","file:///E:/GitHub/CapstoneWork/Mid-Joke Laughter Annotations/2019-09-06 RoboCom/joke_3.eaf"
14.19,1.23,"Laughter","file:///E:/GitHub/CapstoneWork/Mid-Joke Laughter Annotations/2019-09-06 RoboCom/joke_30.eaf"
2.466,3.267,"Laughter","file:///E:/GitHub/CapstoneWork/Mid-Joke Laughter Annotations/2019-09-06 RoboCom/joke_31.eaf"
7.366,1.284,"Chuckle","file:///E:/GitHub/CapstoneWork/Mid-Joke Laughter Annotations/2019-09-06 RoboCom/joke_31.eaf"
17.47,1.16,"Laughter","file:///E:/GitHub/CapstoneWork/Mid-Joke Laughter Annotations/2019-09-06 RoboCom/joke_32.eaf"
4.36,0.76,"Chuckle","file:///E:/GitHub/CapstoneWork/Mid-Joke Laughter Annotations/2019-09-06 RoboCom/joke_35.eaf"
7.09,0.72,"Laughter(?)","file:///E:/GitHub/CapstoneWork/Mid-Joke Laughter Annotations/2019-09-06 RoboCom/joke_38.eaf"
13.132,4.178,"Laughter","file:///E:/GitHub/CapstoneWork/Mid-Joke Laughter Annotations/2019-09-06 RoboCom/joke_38.eaf"
2.65,0.99,"Laughter","file:///E:/GitHub/CapstoneWork/Mid-Joke Laughter Annotations/2019-09-06 RoboCom/joke_39.eaf"
7.29,2.31,"Laughter","file:///E:/GitHub/CapstoneWork/Mid-Joke Laughter Annotations/2019-09-06 RoboCom/joke_41.eaf"
4.915,1.72,"Laughter","file:///E:/GitHub/CapstoneWork/Mid-Joke Laughter Annotations/2019-09-06 RoboCom/joke_43.eaf"
10.266,1.0,"Laughter","file:///E:/GitHub/CapstoneWork/Mid-Joke Laughter Annotations/2019-09-06 RoboCom/joke_46.eaf"
19.599,1.0,"Chuckle","file:///E:/GitHub/CapstoneWork/Mid-Joke Laughter Annotations/2019-09-06 RoboCom/joke_46.eaf"
20.616,2.166,"Laughter","file:///E:/GitHub/CapstoneWork/Mid-Joke Laughter Annotations/2019-09-06 RoboCom/joke_46.eaf"
23.716,3.3,"Laughter","file:///E:/GitHub/CapstoneWork/Mid-Joke Laughter Annotations/2019-09-06 RoboCom/joke_46.eaf"
27.516,1.2,"Laughter","file:///E:/GitHub/CapstoneWork/Mid-Joke Laughter Annotations/2019-09-06 RoboCom/joke_46.eaf"
29.766,1.167,"Laughter","file:///E:/GitHub/CapstoneWork/Mid-Joke Laughter Annotations/2019-09-06 RoboCom/joke_46.eaf"
31.899,0.8,"Chuckle","file:///E:/GitHub/CapstoneWork/Mid-Joke Laughter Annotations/2019-09-06 RoboCom/joke_46.eaf"
35.382,3.1,"Laughter","file:///E:/GitHub/CapstoneWork/Mid-Joke Laughter Annotations/2019-09-06 RoboCom/joke_46.eaf"
40.715,1.6,"Laughter","file:///E:/GitHub/CapstoneWork/Mid-Joke Laughter Annotations/2019-09-06 RoboCom/joke_46.eaf"
44.432,3.433,"Laughter","file:///E:/GitHub/CapstoneWork/Mid-Joke Laughter Annotations/2019-09-06 RoboCom/joke_46.eaf"
1.53,2.87,"Laughter","file:///E:/GitHub/CapstoneWork/Mid-Joke Laughter Annotations/2019-09-06 RoboCom/joke_9.eaf"
11.01,1.55,"Laughter","file:///E:/GitHub/CapstoneWork/Mid-Joke Laughter Annotations/2019-09-19 Bombs Away Cafe/joke_0.eaf"
9.67,0.55,"Laughter","file:///E:/GitHub/CapstoneWork/Mid-Joke Laughter Annotations/2019-09-19 Bombs Away Cafe/joke_10.eaf"
11.89,0.67,"Laughter","file:///E:/GitHub/CapstoneWork/Mid-Joke Laughter Annotations/2019-09-19 Bombs Away Cafe/joke_10.eaf"
4.037,2.525,"Laughter","file:///E:/GitHub/CapstoneWork/Mid-Joke Laughter Annotations/2019-09-19 Bombs Away Cafe/joke_11.eaf"
4.46,1.68,"Laughter","file:///E:/GitHub/CapstoneWork/Mid-Joke Laughter Annotations/2019-09-19 Bombs Away Cafe/joke_12.eaf"
10.665,0.82,"Laughter","file:///E:/GitHub/CapstoneWork/Mid-Joke Laughter Annotations/2019-09-19 Bombs Away Cafe/joke_12.eaf"
15.15,1.32,"Laughter","file:///E:/GitHub/CapstoneWork/Mid-Joke Laughter Annotations/2019-09-19 Bombs Away Cafe/joke_13.eaf"
5.22,0.78,"Laughter","file:///E:/GitHub/CapstoneWork/Mid-Joke Laughter Annotations/2019-09-19 Bombs Away Cafe/joke_14.eaf"
2.92,2.48,"Laughter","file:///E:/GitHub/CapstoneWork/Mid-Joke Laughter Annotations/2019-09-19 Bombs Away Cafe/joke_15.eaf"
4.77,1.28,"Laughter","file:///E:/GitHub/CapstoneWork/Mid-Joke Laughter Annotations/2019-09-19 Bombs Away Cafe/joke_17.eaf"
7.245,0.86,"Laughter","file:///E:/GitHub/CapstoneWork/Mid-Joke Laughter Annotations/2019-09-19 Bombs Away Cafe/joke_17.eaf"
4.23,1.06,"Laughter","file:///E:/GitHub/CapstoneWork/Mid-Joke Laughter Annotations/2019-09-19 Bombs Away Cafe/joke_19.eaf"
2.72,0.59,"Chuckle","file:///E:/GitHub/CapstoneWork/Mid-Joke Laughter Annotations/2019-09-19 Bombs Away Cafe/joke_20.eaf"
12.43,0.87,"Chuckle","file:///E:/GitHub/CapstoneWork/Mid-Joke Laughter Annotations/2019-09-19 Bombs Away Cafe/joke_21.eaf"
4.54,3.69,"Laughter","file:///E:/GitHub/CapstoneWork/Mid-Joke Laughter Annotations/2019-09-19 Bombs Away Cafe/joke_22.eaf"
8.0,1.14,"Laughter","file:///E:/GitHub/CapstoneWork/Mid-Joke Laughter Annotations/2019-09-19 Bombs Away Cafe/joke_23.eaf"
10.72,0.62,"Chuckle","file:///E:/GitHub/CapstoneWork/Mid-Joke Laughter Annotations/2019-09-19 Bombs Away Cafe/joke_25.eaf"
21.58,1.62,"Laughter","file:///E:/GitHub/CapstoneWork/Mid-Joke Laughter Annotations/2019-09-19 Bombs Away Cafe/joke_25.eaf"
23.695,1.25,"Laughter","file:///E:/GitHub/CapstoneWork/Mid-Joke Laughter Annotations/2019-09-19 Bombs Away Cafe/joke_25.eaf"
25.915,1.48,"Laughter","file:///E:/GitHub/CapstoneWork/Mid-Joke Laughter Annotations/2019-09-19 Bombs Away Cafe/joke_25.eaf"
28.04,1.24,"Laughter","file:///E:/GitHub/CapstoneWork/Mid-Joke Laughter Annotations/2019-09-19 Bombs Away Cafe/joke_25.eaf"
29.855,1.64,"Laughter","file:///E:/GitHub/CapstoneWork/Mid-Joke Laughter Annotations/2019-09-19 Bombs Away Cafe/joke_25.eaf"
33.3,1.57,"Laughter","file:///E:/GitHub/CapstoneWork/Mid-Joke Laughter Annotations/2019-09-19 Bombs Away Cafe/joke_25.eaf"
38.62,1.69,"Laughter","file:///E:/GitHub/CapstoneWork/Mid-Joke Laughter Annotations/2019-09-19 Bombs Away Cafe/joke_25.eaf"
44.35,0.55,"Chuckle","file:///E:/GitHub/CapstoneWork/Mid-Joke Laughter Annotations/2019-09-19 Bombs Away Cafe/joke_25.eaf"
48.07,1.91,"Laughter","file:///E:/GitHub/CapstoneWork/Mid-Joke Laughter Annotations/2019-09-19 Bombs Away Cafe/joke_25.eaf"
3.22,0.7,"Chuckle","file:///E:/GitHub/CapstoneWork/Mid-Joke Laughter Annotations/2019-09-19 Bombs Away Cafe/joke_26.eaf"
6.7,1.266,"Laughter","file:///E:/GitHub/CapstoneWork/Mid-Joke Laughter Annotations/2019-09-19 Bombs Away Cafe/joke_30.eaf"
10.4,1.4,"Laughter","file:///E:/GitHub/CapstoneWork/Mid-Joke Laughter Annotations/2019-09-19 Bombs Away Cafe/joke_30.eaf"
3.2,5.038,"Applause","file:///E:/GitHub/CapstoneWork/Mid-Joke Laughter Annotations/2019-09-19 Bombs Away Cafe/joke_32.eaf"
6.97,0.62,"Chuckle","file:///E:/GitHub/CapstoneWork/Mid-Joke Laughter Annotations/2019-09-19 Bombs Away Cafe/joke_5.eaf"
8.75,1.81,"Laughter","file:///E:/GitHub/CapstoneWork/Mid-Joke Laughter Annotations/2019-09-19 Bombs Away Cafe/joke_7.eaf"
11.38,0.99,"Laughter","file:///E:/GitHub/CapstoneWork/Mid-Joke Laughter Annotations/2019-09-19 Bombs Away Cafe/joke_7.eaf"
9.42,1.08,"Laughter","file:///E:/GitHub/CapstoneWork/Mid-Joke Laughter Annotations/2019-09-19 Bombs Away Cafe/joke_8.eaf"
4.47,1.0,"Laughter","file:///E:/GitHub/CapstoneWork/Mid-Joke Laughter Annotations/2019-09-19 Bombs Away Cafe/joke_9.eaf"
12.61,1.05,"Laughter","file:///E:/GitHub/CapstoneWork/Mid-Joke Laughter Annotations/2019-09-21 Laugh Track Town USA/joke_16.eaf"
15.45,1.45,"Laughter","file:///E:/GitHub/CapstoneWork/Mid-Joke Laughter Annotations/2019-09-21 Laugh Track Town USA/joke_16.eaf"
28.15,1.34,"Laughter","file:///E:/GitHub/CapstoneWork/Mid-Joke Laughter Annotations/2019-09-21 Laugh Track Town USA/joke_16.eaf"
2.85,0.82,"Laughter","file:///E:/GitHub/CapstoneWork/Mid-Joke Laughter Annotations/2019-09-21 Laugh Track Town USA/joke_17.eaf"
15.965,0.83,"Laughter","file:///E:/GitHub/CapstoneWork/Mid-Joke Laughter Annotations/2019-09-21 Laugh Track Town USA/joke_17.eaf"
5.71,1.34,"Laughter","file:///E:/GitHub/CapstoneWork/Mid-Joke Laughter Annotations/2019-09-21 Laugh Track Town USA/joke_18.eaf"
2.97,2.03,"Laughter","file:///E:/GitHub/CapstoneWork/Mid-Joke Laughter Annotations/2019-09-21 Laugh Track Town USA/joke_19.eaf"
5.02,0.93,"Laughter","file:///E:/GitHub/CapstoneWork/Mid-Joke Laughter Annotations/2019-09-21 Laugh Track Town USA/joke_20.eaf"
6.98,0.59,"Laughter","file:///E:/GitHub/CapstoneWork/Mid-Joke Laughter Annotations/2019-09-21 Laugh Track Town USA/joke_20.eaf"
8.03,1.281,"Laughter","file:///E:/GitHub/CapstoneWork/Mid-Joke Laughter Annotations/2019-09-21 Laugh Track Town USA/joke_23.eaf"
3.59,0.57,"Laughter","file:///E:/GitHub/CapstoneWork/Mid-Joke Laughter Annotations/2019-09-21 Laugh Track Town USA/joke_25.eaf"
5.44,1.0,"Laughter","file:///E:/GitHub/CapstoneWork/Mid-Joke Laughter Annotations/2019-09-21 Laugh Track Town USA/joke_25.eaf"
20.82,0.85,"Laughter","file:///E:/GitHub/CapstoneWork/Mid-Joke Laughter Annotations/2019-09-21 Laugh Track Town USA/joke_28.eaf"
22.12,2.06,"Laughter","file:///E:/GitHub/CapstoneWork/Mid-Joke Laughter Annotations/2019-09-21 Laugh Track Town USA/joke_28.eaf"
25.06,2.24,"Laughter","file:///E:/GitHub/CapstoneWork/Mid-Joke Laughter Annotations/2019-09-21 Laugh Track Town USA/joke_28.eaf"
33.06,1.47,"Laughter","file:///E:/GitHub/CapstoneWork/Mid-Joke Laughter Annotations/2019-09-21 Laugh Track Town USA/joke_28.eaf"
38.186,1.31,"Laughter","file:///E:/GitHub/CapstoneWork/Mid-Joke Laughter Annotations/2019-09-21 Laugh Track Town USA/joke_28.eaf"
47.18,2.31,"Laughter","file:///E:/GitHub/CapstoneWork/Mid-Joke Laughter Annotations/2019-09-21 Laugh Track Town USA/joke_28.eaf"
14.066,1.067,"Laughter","file:///E:/GitHub/CapstoneWork/Mid-Joke Laughter Annotations/2019-09-21 Laugh Track Town USA/joke_3.eaf"
19.049,1.267,"Laughter","file:///E:/GitHub/CapstoneWork/Mid-Joke Laughter Annotations/2019-09-21 Laugh Track Town USA/joke_3.eaf"
26.73,1.74,"Laughter","file:///E:/GitHub/CapstoneWork/Mid-Joke Laughter Annotations/2019-09-21 Laugh Track Town USA/joke_32.eaf"
4.45,3.86,"Applause","file:///E:/GitHub/CapstoneWork/Mid-Joke Laughter Annotations/2019-09-21 Laugh Track Town USA/joke_33.eaf"
10.29,0.605,"Laughter","file:///E:/GitHub/CapstoneWork/Mid-Joke Laughter Annotations/2019-09-21 Laugh Track Town USA/joke_9.eaf"
11.88,1.139,"Laughter","file:///E:/GitHub/CapstoneWork/Mid-Joke Laughter Annotations/2019-10-11 Singu-hilarity/joke_0.eaf"
4.42,1.01,"Laughter","file:///E:/GitHub/CapstoneWork/Mid-Joke Laughter Annotations/2019-10-11 Singu-hilarity/joke_11.eaf"
10.47,1.06,"Laughter","file:///E:/GitHub/CapstoneWork/Mid-Joke Laughter Annotations/2019-10-11 Singu-hilarity/joke_11.eaf"
11.87,2.1,"Laughter","file:///E:/GitHub/CapstoneWork/Mid-Joke Laughter Annotations/2019-10-11 Singu-hilarity/joke_13.eaf"
3.99,0.99,"Laughter","file:///E:/GitHub/CapstoneWork/Mid-Joke Laughter Annotations/2019-10-11 Singu-hilarity/joke_14.eaf"
12.92,0.589,"Laughter","file:///E:/GitHub/CapstoneWork/Mid-Joke Laughter Annotations/2019-10-11 Singu-hilarity/joke_15.eaf"
17.04,0.86,"Laughter","file:///E:/GitHub/CapstoneWork/Mid-Joke Laughter Annotations/2019-10-11 Singu-hilarity/joke_16.eaf"
5.82,0.34,"Laughter","file:///E:/GitHub/CapstoneWork/Mid-Joke Laughter Annotations/2019-10-11 Singu-hilarity/joke_17.eaf"
11.14,1.69,"Laughter","file:///E:/GitHub/CapstoneWork/Mid-Joke Laughter Annotations/2019-10-11 Singu-hilarity/joke_18.eaf"
16.21,0.7,"Laughter","file:///E:/GitHub/CapstoneWork/Mid-Joke Laughter Annotations/2019-10-11 Singu-hilarity/joke_18.eaf"
18.995,0.54,"Laughter","file:///E:/GitHub/CapstoneWork/Mid-Joke Laughter Annotations/2019-10-11 Singu-hilarity/joke_18.eaf"
29.6,1.84,"Laughter","file:///E:/GitHub/CapstoneWork/Mid-Joke Laughter Annotations/2019-10-11 Singu-hilarity/joke_18.eaf"
16.12,1.52,"Laughter","file:///E:/GitHub/CapstoneWork/Mid-Joke Laughter Annotations/2019-10-11 Singu-hilarity/joke_19.eaf"
2.66,2.89,"Laughter","file:///E:/GitHub/CapstoneWork/Mid-Joke Laughter Annotations/2019-10-11 Singu-hilarity/joke_20.eaf"
5.275,1.175,"Laughter","file:///E:/GitHub/CapstoneWork/Mid-Joke Laughter Annotations/2019-10-11 Singu-hilarity/joke_21.eaf"
7.45,0.875,"Chuckle","file:///E:/GitHub/CapstoneWork/Mid-Joke Laughter Annotations/2019-10-11 Singu-hilarity/joke_21.eaf"
0.15,0.93,"Laughter","file:///E:/GitHub/CapstoneWork/Mid-Joke Laughter Annotations/2019-10-11 Singu-hilarity/joke_23.eaf"
8.98,1.13,"Laughter","file:///E:/GitHub/CapstoneWork/Mid-Joke Laughter Annotations/2019-10-11 Singu-hilarity/joke_24.eaf"
0.19,0.86,"Laughter","file:///E:/GitHub/CapstoneWork/Mid-Joke Laughter Annotations/2019-10-11 Singu-hilarity/joke_28.eaf"
5.4,0.621,"Laughter","file:///E:/GitHub/CapstoneWork/Mid-Joke Laughter Annotations/2019-10-11 Singu-hilarity/joke_28.eaf"
22.09,1.819,"Laughter","file:///E:/GitHub/CapstoneWork/Mid-Joke Laughter Annotations/2019-10-11 Singu-hilarity/joke_29.eaf"
24.483,1.322,"Laughter","file:///E:/GitHub/CapstoneWork/Mid-Joke Laughter Annotations/2019-10-11 Singu-hilarity/joke_29.eaf"
26.644,2.323,"Laughter","file:///E:/GitHub/CapstoneWork/Mid-Joke Laughter Annotations/2019-10-11 Singu-hilarity/joke_29.eaf"
30.999,1.516,"Laughter","file:///E:/GitHub/CapstoneWork/Mid-Joke Laughter Annotations/2019-10-11 Singu-hilarity/joke_29.eaf"
34.879,1.613,"Laughter","file:///E:/GitHub/CapstoneWork/Mid-Joke Laughter Annotations/2019-10-11 Singu-hilarity/joke_29.eaf"
39.702,2.193,"Laughter","file:///E:/GitHub/CapstoneWork/Mid-Joke Laughter Annotations/2019-10-11 Singu-hilarity/joke_29.eaf"
46.03,1.549,"Laughter","file:///E:/GitHub/CapstoneWork/Mid-Joke Laughter Annotations/2019-10-11 Singu-hilarity/joke_29.eaf"
48.885,3.561,"Laughter","file:///E:/GitHub/CapstoneWork/Mid-Joke Laughter Annotations/2019-10-11 Singu-hilarity/joke_29.eaf"
9.68,1.22,"Laughter","file:///E:/GitHub/CapstoneWork/Mid-Joke Laughter Annotations/2019-10-11 Singu-hilarity/joke_3.eaf"
19.175,2.758,"Laughter","file:///E:/GitHub/CapstoneWork/Mid-Joke Laughter Annotations/2019-10-11 Singu-hilarity/joke_3.eaf"
10.727,3.545,"Laughter","file:///E:/GitHub/CapstoneWork/Mid-Joke Laughter Annotations/2019-10-11 Singu-hilarity/joke_30.eaf"
16.477,0.69,"Small chuckle","file:///E:/GitHub/CapstoneWork/Mid-Joke Laughter Annotations/2019-10-11 Singu-hilarity/joke_32.eaf"
28.667,3.02,"Laughter","file:///E:/GitHub/CapstoneWork/Mid-Joke Laughter Annotations/2019-10-11 Singu-hilarity/joke_32.eaf"
11.566,1.626,"Laughter","file:///E:/GitHub/CapstoneWork/Mid-Joke Laughter Annotations/2019-11-29 Comedy the Musical/joke_0.eaf"
12.28,1.55,"Laughter","file:///E:/GitHub/CapstoneWork/Mid-Joke Laughter Annotations/2019-11-29 Comedy the Musical/joke_11.eaf"
4.17,1.27,"Laughter","file:///E:/GitHub/CapstoneWork/Mid-Joke Laughter Annotations/2019-11-29 Comedy the Musical/joke_12.eaf"
6.06,0.817,"Laughter","file:///E:/GitHub/CapstoneWork/Mid-Joke Laughter Annotations/2019-11-29 Comedy the Musical/joke_12.eaf"
4.52,1.02,"Laughter","file:///E:/GitHub/CapstoneWork/Mid-Joke Laughter Annotations/2019-11-29 Comedy the Musical/joke_13.eaf"
10.92,0.9,"Laughter","file:///E:/GitHub/CapstoneWork/Mid-Joke Laughter Annotations/2019-11-29 Comedy the Musical/joke_14.eaf"
13.235,0.5,"Chuckle","file:///E:/GitHub/CapstoneWork/Mid-Joke Laughter Annotations/2019-11-29 Comedy the Musical/joke_14.eaf"
24.31,1.73,"Chuckle","file:///E:/GitHub/CapstoneWork/Mid-Joke Laughter Annotations/2019-11-29 Comedy the Musical/joke_14.eaf"
26.77,1.76,"Laughter","file:///E:/GitHub/CapstoneWork/Mid-Joke Laughter Annotations/2019-11-29 Comedy the Musical/joke_14.eaf"
30.45,0.99,"Chuckle","file:///E:/GitHub/CapstoneWork/Mid-Joke Laughter Annotations/2019-11-29 Comedy the Musical/joke_14.eaf"
8.68,1.157,"Laughter","file:///E:/GitHub/CapstoneWork/Mid-Joke Laughter Annotations/2019-11-29 Comedy the Musical/joke_16.eaf"
10.51,0.94,"Laughter","file:///E:/GitHub/CapstoneWork/Mid-Joke Laughter Annotations/2019-11-29 Comedy the Musical/joke_17.eaf"
28.516,1.267,"Laughter","file:///E:/GitHub/CapstoneWork/Mid-Joke Laughter Annotations/2019-11-29 Comedy the Musical/joke_19.eaf"
30.058,0.65,"Laughter","file:///E:/GitHub/CapstoneWork/Mid-Joke Laughter Annotations/2019-11-29 Comedy the Musical/joke_19.eaf"
6.74,0.69,"Laughter","file:///E:/GitHub/CapstoneWork/Mid-Joke Laughter Annotations/2019-11-29 Comedy the Musical/joke_3.eaf"
10.23,1.76,"Laughter","file:///E:/GitHub/CapstoneWork/Mid-Joke Laughter Annotations/2019-11-29 Comedy the Musical/joke_3.eaf"
13.67,0.55,"Laughter","file:///E:/GitHub/CapstoneWork/Mid-Joke Laughter Annotations/2019-11-29 Comedy the Musical/joke_3.eaf"
15.083,1.55,"Laughter","file:///E:/GitHub/CapstoneWork/Mid-Joke Laughter Annotations/2019-11-29 Comedy the Musical/joke_3.eaf"
19.999,2.668,"Laughter","file:///E:/GitHub/CapstoneWork/Mid-Joke Laughter Annotations/2019-11-29 Comedy the Musical/joke_3.eaf"
24.15,0.432,"Laughter","file:///E:/GitHub/CapstoneWork/Mid-Joke Laughter Annotations/2019-11-29 Comedy the Musical/joke_4.eaf"
0.08,0.55,"Laughter","file:///E:/GitHub/CapstoneWork/Mid-Joke Laughter Annotations/2019-11-29 Comedy the Musical/joke_6.eaf"
12.8,0.881,"Laughter","file:///E:/GitHub/CapstoneWork/Mid-Joke Laughter Annotations/2019-11-29 Comedy the Musical/joke_8.eaf"
10.66,0.581,"Laughter","file:///E:/GitHub/CapstoneWork/Mid-Joke Laughter Annotations/2019-11-29 Comedy the Musical/joke_9.eaf"
11.48,1.33,"Laughter","file:///E:/GitHub/CapstoneWork/Mid-Joke Laughter Annotations/2019-11-29 Crapshoot/joke_0.eaf"
19.18,1.9,"Laughter","file:///E:/GitHub/CapstoneWork/Mid-Joke Laughter Annotations/2019-11-29 Crapshoot/joke_1.eaf"
12.41,1.99,"Laughter","file:///E:/GitHub/CapstoneWork/Mid-Joke Laughter Annotations/2019-11-29 Crapshoot/joke_11.eaf"
12.47,0.49,"Laughter","file:///E:/GitHub/CapstoneWork/Mid-Joke Laughter Annotations/2019-11-29 Crapshoot/joke_13.eaf"
21.33,1.51,"Laughter","file:///E:/GitHub/CapstoneWork/Mid-Joke Laughter Annotations/2019-11-29 Crapshoot/joke_14.eaf"
24.06,1.84,"Laughter","file:///E:/GitHub/CapstoneWork/Mid-Joke Laughter Annotations/2019-11-29 Crapshoot/joke_14.eaf"
28.85,1.76,"Laughter","file:///E:/GitHub/CapstoneWork/Mid-Joke Laughter Annotations/2019-11-29 Crapshoot/joke_14.eaf"
2.97,0.9,"Laughter","file:///E:/GitHub/CapstoneWork/Mid-Joke Laughter Annotations/2019-11-29 Crapshoot/joke_15.eaf"
9.03,0.807,"Laughter","file:///E:/GitHub/CapstoneWork/Mid-Joke Laughter Annotations/2019-11-29 Crapshoot/joke_16.eaf"
10.78,1.53,"Laughter","file:///E:/GitHub/CapstoneWork/Mid-Joke Laughter Annotations/2019-11-29 Crapshoot/joke_17.eaf"
14.35,1.49,"Laughter","file:///E:/GitHub/CapstoneWork/Mid-Joke Laughter Annotations/2019-11-29 Crapshoot/joke_19.eaf"
23.171,1.028,"Laughter","file:///E:/GitHub/CapstoneWork/Mid-Joke Laughter Annotations/2019-11-29 Crapshoot/joke_19.eaf"
27.399,1.971,"Laughter","file:///E:/GitHub/CapstoneWork/Mid-Joke Laughter Annotations/2019-11-29 Crapshoot/joke_19.eaf"
3.516,5.32,"Applause","file:///E:/GitHub/CapstoneWork/Mid-Joke Laughter Annotations/2019-11-29 Crapshoot/joke_20.eaf"
2.17,1.11,"Laughter","file:///E:/GitHub/CapstoneWork/Mid-Joke Laughter Annotations/2019-11-29 Crapshoot/joke_3.eaf"
9.24,1.01,"Laughter","file:///E:/GitHub/CapstoneWork/Mid-Joke Laughter Annotations/2019-11-29 Crapshoot/joke_3.eaf"
18.87,1.03,"Chuckle","file:///E:/GitHub/CapstoneWork/Mid-Joke Laughter Annotations/2019-11-29 Crapshoot/joke_3.eaf"
0.42,0.9,"Laughter","file:///E:/GitHub/CapstoneWork/Mid-Joke Laughter Annotations/2019-11-29 Crapshoot/joke_4.eaf"
9.89,0.9,"Laughter","file:///E:/GitHub/CapstoneWork/Mid-Joke Laughter Annotations/2019-11-29 Crapshoot/joke_4.eaf"
0.02,1.64,"Laughter","file:///E:/GitHub/CapstoneWork/Mid-Joke Laughter Annotations/2019-11-29 Crapshoot/joke_6.eaf"
0.0,1.3,"Laughter","file:///E:/GitHub/CapstoneWork/Mid-Joke Laughter Annotations/2019-11-29 Crapshoot/joke_8.eaf"
11.29,1.751,"Laughter","file:///E:/GitHub/CapstoneWork/Mid-Joke Laughter Annotations/2019-12-09 Singu-Hilarity in San Francisco/joke_0.eaf"
0.03,0.53,"Chuckle","file:///E:/GitHub/CapstoneWork/Mid-Joke Laughter Annotations/2019-12-09 Singu-Hilarity in San Francisco/joke_1.eaf"
6.99,2.02,"Laughter","file:///E:/GitHub/CapstoneWork/Mid-Joke Laughter Annotations/2019-12-09 Singu-Hilarity in San Francisco/joke_1.eaf"
12.475,0.98,"Laughter","file:///E:/GitHub/CapstoneWork/Mid-Joke Laughter Annotations/2019-12-09 Singu-Hilarity in San Francisco/joke_1.eaf"
19.32,1.84,"Laughter","file:///E:/GitHub/CapstoneWork/Mid-Joke Laughter Annotations/2019-12-09 Singu-Hilarity in San Francisco/joke_1.eaf"
0.0,0.7,"Laughter","file:///E:/GitHub/CapstoneWork/Mid-Joke Laughter Annotations/2019-12-09 Singu-Hilarity in San Francisco/joke_13.eaf"
8.99,0.62,"Laughter","file:///E:/GitHub/CapstoneWork/Mid-Joke Laughter Annotations/2019-12-09 Singu-Hilarity in San Francisco/joke_13.eaf"
10.65,0.93,"Laughter","file:///E:/GitHub/CapstoneWork/Mid-Joke Laughter Annotations/2019-12-09 Singu-Hilarity in San Francisco/joke_13.eaf"
10.61,0.782,"Laughter","file:///E:/GitHub/CapstoneWork/Mid-Joke Laughter Annotations/2019-12-09 Singu-Hilarity in San Francisco/joke_14.eaf"
8.71,0.385,"Laughter","file:///E:/GitHub/CapstoneWork/Mid-Joke Laughter Annotations/2019-12-09 Singu-Hilarity in San Francisco/joke_16.eaf"
2.95,1.27,"Laughter","file:///E:/GitHub/CapstoneWork/Mid-Joke Laughter Annotations/2019-12-09 Singu-Hilarity in San Francisco/joke_18.eaf"
10.53,0.48,"Laughter","file:///E:/GitHub/CapstoneWork/Mid-Joke Laughter Annotations/2019-12-09 Singu-Hilarity in San Francisco/joke_19.eaf"
3.85,1.07,"Laughter","file:///E:/GitHub/CapstoneWork/Mid-Joke Laughter Annotations/2019-12-09 Singu-Hilarity in San Francisco/joke_2.eaf"
8.13,0.677,"Laughter","file:///E:/GitHub/CapstoneWork/Mid-Joke Laughter Annotations/2019-12-09 Singu-Hilarity in San Francisco/joke_2.eaf"
6.7,1.81,"Laughter","file:///E:/GitHub/CapstoneWork/Mid-Joke Laughter Annotations/2019-12-09 Singu-Hilarity in San Francisco/joke_20.eaf"
12.33,0.977,"Laughter","file:///E:/GitHub/CapstoneWork/Mid-Joke Laughter Annotations/2019-12-09 Singu-Hilarity in San Francisco/joke_20.eaf"
12.39,1.28,"Laughter","file:///E:/GitHub/CapstoneWork/Mid-Joke Laughter Annotations/2019-12-09 Singu-Hilarity in San Francisco/joke_22.eaf"
16.78,1.293,"Laughter","file:///E:/GitHub/CapstoneWork/Mid-Joke Laughter Annotations/2019-12-09 Singu-Hilarity in San Francisco/joke_24.eaf"
5.49,0.775,"Laughter","file:///E:/GitHub/CapstoneWork/Mid-Joke Laughter Annotations/2019-12-09 Singu-Hilarity in San Francisco/joke_25.eaf"
10.88,1.36,"Laughter","file:///E:/GitHub/CapstoneWork/Mid-Joke Laughter Annotations/2019-12-09 Singu-Hilarity in San Francisco/joke_26.eaf"
24.485,1.08,"Laughter","file:///E:/GitHub/CapstoneWork/Mid-Joke Laughter Annotations/2019-12-09 Singu-Hilarity in San Francisco/joke_26.eaf"
29.54,1.53,"Laughter","file:///E:/GitHub/CapstoneWork/Mid-Joke Laughter Annotations/2019-12-09 Singu-Hilarity in San Francisco/joke_26.eaf"
33.97,0.95,"Laughter","file:///E:/GitHub/CapstoneWork/Mid-Joke Laughter Annotations/2019-12-09 Singu-Hilarity in San Francisco/joke_26.eaf"
0.0,0.9,"Laughter","file:///E:/GitHub/CapstoneWork/Mid-Joke Laughter Annotations/2019-12-09 Singu-Hilarity in San Francisco/joke_28.eaf"
6.42,1.105,"Laughter","file:///E:/GitHub/CapstoneWork/Mid-Joke Laughter Annotations/2019-12-09 Singu-Hilarity in San Francisco/joke_28.eaf"
2.99,1.16,"Laughter","file:///E:/GitHub/CapstoneWork/Mid-Joke Laughter Annotations/2019-12-09 Singu-Hilarity in San Francisco/joke_29.eaf"
10.605,0.693,"Laughter","file:///E:/GitHub/CapstoneWork/Mid-Joke Laughter Annotations/2019-12-09 Singu-Hilarity in San Francisco/joke_29.eaf"
9.63,2.49,"Laughter","file:///E:/GitHub/CapstoneWork/Mid-Joke Laughter Annotations/2019-12-09 Singu-Hilarity in San Francisco/joke_3.eaf"
14.17,0.96,"Laughter","file:///E:/GitHub/CapstoneWork/Mid-Joke Laughter Annotations/2019-12-09 Singu-Hilarity in San Francisco/joke_3.eaf"
18.97,0.95,"Laughter","file:///E:/GitHub/CapstoneWork/Mid-Joke Laughter Annotations/2019-12-09 Singu-Hilarity in San Francisco/joke_3.eaf"
11.58,0.91,"Laughter","file:///E:/GitHub/CapstoneWork/Mid-Joke Laughter Annotations/2019-12-09 Singu-Hilarity in San Francisco/joke_30.eaf"
18.95,2.13,"Laughter","file:///E:/GitHub/CapstoneWork/Mid-Joke Laughter Annotations/2019-12-09 Singu-Hilarity in San Francisco/joke_30.eaf"
0.0,0.38,"Laughter","file:///E:/GitHub/CapstoneWork/Mid-Joke Laughter Annotations/2019-12-09 Singu-Hilarity in San Francisco/joke_32.eaf"
8.0,1.94,"Laughter","file:///E:/GitHub/CapstoneWork/Mid-Joke Laughter Annotations/2019-12-09 Singu-Hilarity in San Francisco/joke_32.eaf"
7.6,0.92,"Laughter","file:///E:/GitHub/CapstoneWork/Mid-Joke Laughter Annotations/2019-12-09 Singu-Hilarity in San Francisco/joke_33.eaf"
15.95,0.68,"Laughter","file:///E:/GitHub/CapstoneWork/Mid-Joke Laughter Annotations/2019-12-09 Singu-Hilarity in San Francisco/joke_36.eaf"
2.61,0.61,"Laughter","file:///E:/GitHub/CapstoneWork/Mid-Joke Laughter Annotations/2019-12-09 Singu-Hilarity in San Francisco/joke_37.eaf"
8.94,1.307,"Laughter","file:///E:/GitHub/CapstoneWork/Mid-Joke Laughter Annotations/2019-12-09 Singu-Hilarity in San Francisco/joke_38.eaf"
7.73,0.68,"Chuckle","file:///E:/GitHub/CapstoneWork/Mid-Joke Laughter Annotations/2019-12-09 Singu-Hilarity in San Francisco/joke_39.eaf"
9.485,1.158,"Laughter","file:///E:/GitHub/CapstoneWork/Mid-Joke Laughter Annotations/2019-12-09 Singu-Hilarity in San Francisco/joke_39.eaf"
11.96,0.656,"Laughter","file:///E:/GitHub/CapstoneWork/Mid-Joke Laughter Annotations/2019-12-09 Singu-Hilarity in San Francisco/joke_42.eaf"
0.0,0.26,"Laughter","file:///E:/GitHub/CapstoneWork/Mid-Joke Laughter Annotations/2019-12-09 Singu-Hilarity in San Francisco/joke_43.eaf"
20.615,2.02,"Laughter","file:///E:/GitHub/CapstoneWork/Mid-Joke Laughter Annotations/2019-12-09 Singu-Hilarity in San Francisco/joke_44.eaf"
23.6,1.0,"Laughter","file:///E:/GitHub/CapstoneWork/Mid-Joke Laughter Annotations/2019-12-09 Singu-Hilarity in San Francisco/joke_44.eaf"
25.685,2.3,"Laughter","file:///E:/GitHub/CapstoneWork/Mid-Joke Laughter Annotations/2019-12-09 Singu-Hilarity in San Francisco/joke_44.eaf"
29.82,1.5,"Laughter","file:///E:/GitHub/CapstoneWork/Mid-Joke Laughter Annotations/2019-12-09 Singu-Hilarity in San Francisco/joke_44.eaf"
34.405,1.82,"Laughter","file:///E:/GitHub/CapstoneWork/Mid-Joke Laughter Annotations/2019-12-09 Singu-Hilarity in San Francisco/joke_44.eaf"
38.54,1.78,"Laughter","file:///E:/GitHub/CapstoneWork/Mid-Joke Laughter Annotations/2019-12-09 Singu-Hilarity in San Francisco/joke_44.eaf"
48.13,2.41,"Laughter","file:///E:/GitHub/CapstoneWork/Mid-Joke Laughter Annotations/2019-12-09 Singu-Hilarity in San Francisco/joke_44.eaf"
4.83,1.33,"Laughter","file:///E:/GitHub/CapstoneWork/Mid-Joke Laughter Annotations/2019-12-09 Singu-Hilarity in San Francisco/joke_45.eaf"
5.56,0.62,"Chuckle(?)","file:///E:/GitHub/CapstoneWork/Mid-Joke Laughter Annotations/2019-12-09 Singu-Hilarity in San Francisco/joke_5.eaf"
17.392,0.95,"Chuckle","file:///E:/GitHub/CapstoneWork/Mid-Joke Laughter Annotations/2019-12-09 Singu-Hilarity in San Francisco/joke_50.eaf"
10.44,1.45,"Laughter","file:///E:/GitHub/CapstoneWork/Mid-Joke Laughter Annotations/2019-12-09 Singu-Hilarity in San Francisco/joke_52.eaf"
8.81,0.407,"Laughter","file:///E:/GitHub/CapstoneWork/Mid-Joke Laughter Annotations/2019-12-09 Singu-Hilarity in San Francisco/joke_55.eaf"
11.18,0.8,"Laughter","file:///E:/GitHub/CapstoneWork/Mid-Joke Laughter Annotations/2019-12-09 Singu-Hilarity in San Francisco/joke_6.eaf"
13.46,0.97,"Laughter","file:///E:/GitHub/CapstoneWork/Mid-Joke Laughter Annotations/2019-12-09 Singu-Hilarity in San Francisco/joke_6.eaf"
15.42,0.724,"Laughter","file:///E:/GitHub/CapstoneWork/Mid-Joke Laughter Annotations/2019-12-09 Singu-Hilarity in San Francisco/joke_6.eaf"
12.74,1.14,"Laughter","file:///E:/GitHub/CapstoneWork/Mid-Joke Laughter Annotations/2019-12-09 Singu-Hilarity in San Francisco/joke_7.eaf"
3.62,2.0,"Laughter","file:///E:/GitHub/CapstoneWork/Mid-Joke Laughter Annotations/2019-12-09 Singu-Hilarity in San Francisco/joke_8.eaf"
23.375,0.775,"Laughter","file:///E:/GitHub/CapstoneWork/Mid-Joke Laughter Annotations/2019-12-09 Singu-Hilarity in San Francisco/joke_9.eaf"
1.62,1.26,"Laughter","file:///E:/GitHub/CapstoneWork/Mid-Joke Laughter Annotations/2020-01-12 Singu-Hilarity in Corvallis/joke_11.eaf"
10.61,1.06,"Laughter","file:///E:/GitHub/CapstoneWork/Mid-Joke Laughter Annotations/2020-01-12 Singu-Hilarity in Corvallis/joke_12.eaf"
3.88,1.61,"Laughter","file:///E:/GitHub/CapstoneWork/Mid-Joke Laughter Annotations/2020-01-12 Singu-Hilarity in Corvallis/joke_14.eaf"
9.91,0.8,"Laughter?","file:///E:/GitHub/CapstoneWork/Mid-Joke Laughter Annotations/2020-01-12 Singu-Hilarity in Corvallis/joke_15.eaf"
13.01,0.527,"Post","file:///E:/GitHub/CapstoneWork/Mid-Joke Laughter Annotations/2020-01-12 Singu-Hilarity in Corvallis/joke_17.eaf"
11.04,0.74,"Laughter","file:///E:/GitHub/CapstoneWork/Mid-Joke Laughter Annotations/2020-01-12 Singu-Hilarity in Corvallis/joke_19.eaf"
10.09,1.424,"Laughter","file:///E:/GitHub/CapstoneWork/Mid-Joke Laughter Annotations/2020-01-12 Singu-Hilarity in Corvallis/joke_20.eaf"
2.93,0.97,"Laughter?","file:///E:/GitHub/CapstoneWork/Mid-Joke Laughter Annotations/2020-01-12 Singu-Hilarity in Corvallis/joke_24.eaf"
5.937,0.98,"???","file:///E:/GitHub/CapstoneWork/Mid-Joke Laughter Annotations/2020-01-12 Singu-Hilarity in Corvallis/joke_24.eaf"
5.93,2.25,"Laughter","file:///E:/GitHub/CapstoneWork/Mid-Joke Laughter Annotations/2020-01-12 Singu-Hilarity in Corvallis/joke_26.eaf"
16.69,1.758,"Laughter","file:///E:/GitHub/CapstoneWork/Mid-Joke Laughter Annotations/2020-01-12 Singu-Hilarity in Corvallis/joke_30.eaf"
11.02,1.38,"Laughter","file:///E:/GitHub/CapstoneWork/Mid-Joke Laughter Annotations/2020-01-12 Singu-Hilarity in Corvallis/joke_32.eaf"
18.905,0.96,"Laughter","file:///E:/GitHub/CapstoneWork/Mid-Joke Laughter Annotations/2020-01-12 Singu-Hilarity in Corvallis/joke_32.eaf"
16.27,1.34,"Laughter","file:///E:/GitHub/CapstoneWork/Mid-Joke Laughter Annotations/2020-01-12 Singu-Hilarity in Corvallis/joke_33.eaf"
6.17,0.895,"Post?","file:///E:/GitHub/CapstoneWork/Mid-Joke Laughter Annotations/2020-01-12 Singu-Hilarity in Corvallis/joke_34.eaf"
6.88,0.83,"Laughter","file:///E:/GitHub/CapstoneWork/Mid-Joke Laughter Annotations/2020-01-12 Singu-Hilarity in Corvallis/joke_39.eaf"
18.73,1.88,"Laughter","file:///E:/GitHub/CapstoneWork/Mid-Joke Laughter Annotations/2020-01-12 Singu-Hilarity in Corvallis/joke_39.eaf"
6.62,1.4,"Laughter","file:///E:/GitHub/CapstoneWork/Mid-Joke Laughter Annotations/2020-01-12 Singu-Hilarity in Corvallis/joke_54.eaf"
21.74,1.19,"Chuckles","file:///E:/GitHub/CapstoneWork/Mid-Joke Laughter Annotations/2020-01-12 Singu-Hilarity in Corvallis/joke_59.eaf"
23.65,1.68,"Laughter","file:///E:/GitHub/CapstoneWork/Mid-Joke Laughter Annotations/2020-01-12 Singu-Hilarity in Corvallis/joke_59.eaf"
26.0,1.85,"Laughter","file:///E:/GitHub/CapstoneWork/Mid-Joke Laughter Annotations/2020-01-12 Singu-Hilarity in Corvallis/joke_59.eaf"
30.69,0.56,"Laughter","file:///E:/GitHub/CapstoneWork/Mid-Joke Laughter Annotations/2020-01-12 Singu-Hilarity in Corvallis/joke_59.eaf"
34.67,0.78,"Breath","file:///E:/GitHub/CapstoneWork/Mid-Joke Laughter Annotations/2020-01-12 Singu-Hilarity in Corvallis/joke_59.eaf"
36.445,1.06,"Chuckle","file:///E:/GitHub/CapstoneWork/Mid-Joke Laughter Annotations/2020-01-12 Singu-Hilarity in Corvallis/joke_59.eaf"
39.41,1.71,"Laughter","file:///E:/GitHub/CapstoneWork/Mid-Joke Laughter Annotations/2020-01-12 Singu-Hilarity in Corvallis/joke_59.eaf"
48.62,2.72,"Laughter","file:///E:/GitHub/CapstoneWork/Mid-Joke Laughter Annotations/2020-01-12 Singu-Hilarity in Corvallis/joke_59.eaf"
6.471,2.228,"Laughter","file:///E:/GitHub/CapstoneWork/Mid-Joke Laughter Annotations/2020-01-25 Sam Bond_s Bleeping Funny/joke_1.eaf"
19.45,0.8,"Laughter?","file:///E:/GitHub/CapstoneWork/Mid-Joke Laughter Annotations/2020-01-25 Sam Bond_s Bleeping Funny/joke_10.eaf"
0.0,1.05,"Leftover?","file:///E:/GitHub/CapstoneWork/Mid-Joke Laughter Annotations/2020-01-25 Sam Bond_s Bleeping Funny/joke_12.eaf"
6.15,1.33,"Laughter","file:///E:/GitHub/CapstoneWork/Mid-Joke Laughter Annotations/2020-01-25 Sam Bond_s Bleeping Funny/joke_12.eaf"
10.04,1.18,"Laughter-External-Source","file:///E:/GitHub/CapstoneWork/Mid-Joke Laughter Annotations/2020-01-25 Sam Bond_s Bleeping Funny/joke_14.eaf"
7.48,1.48,"Laughter","file:///E:/GitHub/CapstoneWork/Mid-Joke Laughter Annotations/2020-01-25 Sam Bond_s Bleeping Funny/joke_18.eaf"
12.65,4.0,"Laughter","file:///E:/GitHub/CapstoneWork/Mid-Joke Laughter Annotations/2020-01-25 Sam Bond_s Bleeping Funny/joke_19.eaf"
17.1,1.833,"Laughter","file:///E:/GitHub/CapstoneWork/Mid-Joke Laughter Annotations/2020-01-25 Sam Bond_s Bleeping Funny/joke_2.eaf"
2.37,1.5,"Laughter","file:///E:/GitHub/CapstoneWork/Mid-Joke Laughter Annotations/2020-01-25 Sam Bond_s Bleeping Funny/joke_20.eaf"
8.28,1.04,"Chuckle","file:///E:/GitHub/CapstoneWork/Mid-Joke Laughter Annotations/2020-01-25 Sam Bond_s Bleeping Funny/joke_22.eaf"
4.333,0.733,"Chuckle","file:///E:/GitHub/CapstoneWork/Mid-Joke Laughter Annotations/2020-01-25 Sam Bond_s Bleeping Funny/joke_24.eaf"
8.6,0.394,"Laughter","file:///E:/GitHub/CapstoneWork/Mid-Joke Laughter Annotations/2020-01-25 Sam Bond_s Bleeping Funny/joke_24.eaf"
6.23,0.81,"Laughter","file:///E:/GitHub/CapstoneWork/Mid-Joke Laughter Annotations/2020-01-25 Sam Bond_s Bleeping Funny/joke_25.eaf"
7.08,1.06,"Laughter","file:///E:/GitHub/CapstoneWork/Mid-Joke Laughter Annotations/2020-01-25 Sam Bond_s Bleeping Funny/joke_25.eaf"
15.3,1.4,"Laughter","file:///E:/GitHub/CapstoneWork/Mid-Joke Laughter Annotations/2020-01-25 Sam Bond_s Bleeping Funny/joke_26.eaf"
2.19,2.4,"Laughter","file:///E:/GitHub/CapstoneWork/Mid-Joke Laughter Annotations/2020-01-25 Sam Bond_s Bleeping Funny/joke_29.eaf"
5.435,0.744,"Post","file:///E:/GitHub/CapstoneWork/Mid-Joke Laughter Annotations/2020-01-25 Sam Bond_s Bleeping Funny/joke_29.eaf"
7.857,0.583,"Post","file:///E:/GitHub/CapstoneWork/Mid-Joke Laughter Annotations/2020-01-25 Sam Bond_s Bleeping Funny/joke_3.eaf"
21.0,1.545,"Laughter","file:///E:/GitHub/CapstoneWork/Mid-Joke Laughter Annotations/2020-01-25 Sam Bond_s Bleeping Funny/joke_30.eaf"
22.636,2.636,"Laughter","file:///E:/GitHub/CapstoneWork/Mid-Joke Laughter Annotations/2020-01-25 Sam Bond_s Bleeping Funny/joke_30.eaf"
25.272,2.273,"Laughter","file:///E:/GitHub/CapstoneWork/Mid-Joke Laughter Annotations/2020-01-25 Sam Bond_s Bleeping Funny/joke_30.eaf"
27.636,3.364,"Laughter","file:///E:/GitHub/CapstoneWork/Mid-Joke Laughter Annotations/2020-01-25 Sam Bond_s Bleeping Funny/joke_30.eaf"
37.364,3.0,"Laughter","file:///E:/GitHub/CapstoneWork/Mid-Joke Laughter Annotations/2020-01-25 Sam Bond_s Bleeping Funny/joke_30.eaf"
43.001,2.09,"Chuckles","file:///E:/GitHub/CapstoneWork/Mid-Joke Laughter Annotations/2020-01-25 Sam Bond_s Bleeping Funny/joke_30.eaf"
47.546,2.135,"Laughter","file:///E:/GitHub/CapstoneWork/Mid-Joke Laughter Annotations/2020-01-25 Sam Bond_s Bleeping Funny/joke_30.eaf"
2.84,1.366,"Laughter","file:///E:/GitHub/CapstoneWork/Mid-Joke Laughter Annotations/2020-01-25 Sam Bond_s Bleeping Funny/joke_31.eaf"
11.3,1.55,"Laughter","file:///E:/GitHub/CapstoneWork/Mid-Joke Laughter Annotations/2020-01-25 Sam Bond_s Bleeping Funny/joke_32.eaf"
17.9,4.1,"Laughter","file:///E:/GitHub/CapstoneWork/Mid-Joke Laughter Annotations/2020-01-25 Sam Bond_s Bleeping Funny/joke_32.eaf"
23.825,5.272,"Laughter?","file:///E:/GitHub/CapstoneWork/Mid-Joke Laughter Annotations/2020-01-25 Sam Bond_s Bleeping Funny/joke_32.eaf"
13.26,0.457,"Post","file:///E:/GitHub/CapstoneWork/Mid-Joke Laughter Annotations/2020-01-25 Sam Bond_s Bleeping Funny/joke_8.eaf"
7.77,1.87,"Laughter","file:///E:/GitHub/CapstoneWork/Mid-Joke Laughter Annotations/2020-01-29 Class Performance/joke_11.eaf"
0.76,1.57,"Groans?","file:///E:/GitHub/CapstoneWork/Mid-Joke Laughter Annotations/2020-01-29 Class Performance/joke_19.eaf"
22.0,1.545,"Laughter","file:///E:/GitHub/CapstoneWork/Mid-Joke Laughter Annotations/2020-01-29 Class Performance/joke_20.eaf"
24.0,1.545,"Laughter","file:///E:/GitHub/CapstoneWork/Mid-Joke Laughter Annotations/2020-01-29 Class Performance/joke_20.eaf"
26.272,1.818,"Laughter","file:///E:/GitHub/CapstoneWork/Mid-Joke Laughter Annotations/2020-01-29 Class Performance/joke_20.eaf"
34.818,1.727,"Laughter","file:///E:/GitHub/CapstoneWork/Mid-Joke Laughter Annotations/2020-01-29 Class Performance/joke_20.eaf"
39.454,2.091,"Laughter","file:///E:/GitHub/CapstoneWork/Mid-Joke Laughter Annotations/2020-01-29 Class Performance/joke_20.eaf"
49.454,1.727,"Laughter","file:///E:/GitHub/CapstoneWork/Mid-Joke Laughter Annotations/2020-01-29 Class Performance/joke_20.eaf"
8.47,0.495,"Post-Joke","file:///E:/GitHub/CapstoneWork/Mid-Joke Laughter Annotations/2020-01-29 Class Performance/joke_3.eaf"
7.237,0.888,"Laughter","file:///E:/GitHub/CapstoneWork/Mid-Joke Laughter Annotations/2020-01-29 Class Performance/joke_9.eaf"
7.433,1.727,"Laughter","file:///E:/GitHub/CapstoneWork/Mid-Joke Laughter Annotations/2020-01-31 Mt Caz/joke_1.eaf"
7.5,1.3,"Laughter?","file:///E:/GitHub/CapstoneWork/Mid-Joke Laughter Annotations/2020-01-31 Mt Caz/joke_11.eaf"
10.26,1.92,"Laughter","file:///E:/GitHub/CapstoneWork/Mid-Joke Laughter Annotations/2020-01-31 Mt Caz/joke_13.eaf"
12.433,1.583,"Laughter","file:///E:/GitHub/CapstoneWork/Mid-Joke Laughter Annotations/2020-01-31 Mt Caz/joke_14.eaf"
14.316,0.697,"Post","file:///E:/GitHub/CapstoneWork/Mid-Joke Laughter Annotations/2020-01-31 Mt Caz/joke_14.eaf"
20.066,1.067,"Laughter?","file:///E:/GitHub/CapstoneWork/Mid-Joke Laughter Annotations/2020-01-31 Mt Caz/joke_16.eaf"
12.38,1.72,"Laughter","file:///E:/GitHub/CapstoneWork/Mid-Joke Laughter Annotations/2020-01-31 Mt Caz/joke_2.eaf"
19.255,1.97,"Laughter","file:///E:/GitHub/CapstoneWork/Mid-Joke Laughter Annotations/2020-01-31 Mt Caz/joke_2.eaf"
5.92,1.77,"Laughter","file:///E:/GitHub/CapstoneWork/Mid-Joke Laughter Annotations/2020-01-31 Mt Caz/joke_20.eaf"
3.26,0.97,"Laughter","file:///E:/GitHub/CapstoneWork/Mid-Joke Laughter Annotations/2020-01-31 Mt Caz/joke_21.eaf"
4.96,0.59,"???","file:///E:/GitHub/CapstoneWork/Mid-Joke Laughter Annotations/2020-01-31 Mt Caz/joke_21.eaf"
6.64,1.56,"Laughter","file:///E:/GitHub/CapstoneWork/Mid-Joke Laughter Annotations/2020-01-31 Mt Caz/joke_21.eaf"
8.48,0.93,"Laughter?","file:///E:/GitHub/CapstoneWork/Mid-Joke Laughter Annotations/2020-01-31 Mt Caz/joke_23.eaf"
10.29,1.32,"Laughter","file:///E:/GitHub/CapstoneWork/Mid-Joke Laughter Annotations/2020-01-31 Mt Caz/joke_23.eaf"
4.74,0.71,"Laughter?","file:///E:/GitHub/CapstoneWork/Mid-Joke Laughter Annotations/2020-01-31 Mt Caz/joke_24.eaf"
10.18,1.399,"Laughter","file:///E:/GitHub/CapstoneWork/Mid-Joke Laughter Annotations/2020-01-31 Mt Caz/joke_24.eaf"
5.96,0.644,"Mid-Joke?","file:///E:/GitHub/CapstoneWork/Mid-Joke Laughter Annotations/2020-01-31 Mt Caz/joke_25.eaf"
5.24,0.6,"Chuckle","file:///E:/GitHub/CapstoneWork/Mid-Joke Laughter Annotations/2020-01-31 Mt Caz/joke_26.eaf"
2.63,1.25,"Laughter","file:///E:/GitHub/CapstoneWork/Mid-Joke Laughter Annotations/2020-01-31 Mt Caz/joke_28.eaf"
4.22,1.65,"Laughter","file:///E:/GitHub/CapstoneWork/Mid-Joke Laughter Annotations/2020-01-31 Mt Caz/joke_29.eaf"
4.13,0.74,"Laughter","file:///E:/GitHub/CapstoneWork/Mid-Joke Laughter Annotations/2020-01-31 Mt Caz/joke_3.eaf"
8.6,0.437,"Post","file:///E:/GitHub/CapstoneWork/Mid-Joke Laughter Annotations/2020-01-31 Mt Caz/joke_3.eaf"
3.68,1.2,"Laughter?","file:///E:/GitHub/CapstoneWork/Mid-Joke Laughter Annotations/2020-01-31 Mt Caz/joke_30.eaf"
6.9,1.73,"Laughter","file:///E:/GitHub/CapstoneWork/Mid-Joke Laughter Annotations/2020-01-31 Mt Caz/joke_30.eaf"
10.43,0.61,"???","file:///E:/GitHub/CapstoneWork/Mid-Joke Laughter Annotations/2020-01-31 Mt Caz/joke_32.eaf"
12.45,1.21,"Laughter","file:///E:/GitHub/CapstoneWork/Mid-Joke Laughter Annotations/2020-01-31 Mt Caz/joke_32.eaf"
4.27,1.07,"Laughter","file:///E:/GitHub/CapstoneWork/Mid-Joke Laughter Annotations/2020-01-31 Mt Caz/joke_33.eaf"
15.23,0.503,"Post","file:///E:/GitHub/CapstoneWork/Mid-Joke Laughter Annotations/2020-01-31 Mt Caz/joke_34.eaf"
0.61,2.41,"Laughter","file:///E:/GitHub/CapstoneWork/Mid-Joke Laughter Annotations/2020-01-31 Mt Caz/joke_35.eaf"
8.16,1.18,"Murmur","file:///E:/GitHub/CapstoneWork/Mid-Joke Laughter Annotations/2020-01-31 Mt Caz/joke_35.eaf"
9.43,0.72,"Laughter","file:///E:/GitHub/CapstoneWork/Mid-Joke Laughter Annotations/2020-01-31 Mt Caz/joke_37.eaf"
17.635,0.849,"Laughter","file:///E:/GitHub/CapstoneWork/Mid-Joke Laughter Annotations/2020-01-31 Mt Caz/joke_37.eaf"
2.99,1.67,"Laughter","file:///E:/GitHub/CapstoneWork/Mid-Joke Laughter Annotations/2020-01-31 Mt Caz/joke_38.eaf"
16.71,1.71,"Laughter","file:///E:/GitHub/CapstoneWork/Mid-Joke Laughter Annotations/2020-01-31 Mt Caz/joke_38.eaf"
3.05,1.17,"Laughter","file:///E:/GitHub/CapstoneWork/Mid-Joke Laughter Annotations/2020-01-31 Mt Caz/joke_39.eaf"
8.3,1.02,"Laughter","file:///E:/GitHub/CapstoneWork/Mid-Joke Laughter Annotations/2020-01-31 Mt Caz/joke_39.eaf"
2.17,0.59,"Laughter","file:///E:/GitHub/CapstoneWork/Mid-Joke Laughter Annotations/2020-01-31 Mt Caz/joke_4.eaf"
5.97,0.83,"Chuckles?","file:///E:/GitHub/CapstoneWork/Mid-Joke Laughter Annotations/2020-01-31 Mt Caz/joke_4.eaf"
9.88,1.44,"Laughter","file:///E:/GitHub/CapstoneWork/Mid-Joke Laughter Annotations/2020-01-31 Mt Caz/joke_4.eaf"
5.47,0.875,"Post","file:///E:/GitHub/CapstoneWork/Mid-Joke Laughter Annotations/2020-01-31 Mt Caz/joke_41.eaf"
6.81,1.42,"Laughter","file:///E:/GitHub/CapstoneWork/Mid-Joke Laughter Annotations/2020-01-31 Mt Caz/joke_44.eaf"
18.7,1.89,"Laughter","file:///E:/GitHub/CapstoneWork/Mid-Joke Laughter Annotations/2020-01-31 Mt Caz/joke_44.eaf"
4.65,0.86,"Chuckle","file:///E:/GitHub/CapstoneWork/Mid-Joke Laughter Annotations/2020-01-31 Mt Caz/joke_51.eaf"
7.19,0.95,"Laughter","file:///E:/GitHub/CapstoneWork/Mid-Joke Laughter Annotations/2020-01-31 Mt Caz/joke_51.eaf"
15.133,2.067,"Laughter","file:///E:/GitHub/CapstoneWork/Mid-Joke Laughter Annotations/2020-01-31 Mt Caz/joke_52.eaf"
17.449,3.4,"Laughter","file:///E:/GitHub/CapstoneWork/Mid-Joke Laughter Annotations/2020-01-31 Mt Caz/joke_52.eaf"
22.066,1.066,"Laughter","file:///E:/GitHub/CapstoneWork/Mid-Joke Laughter Annotations/2020-01-31 Mt Caz/joke_52.eaf"
8.17,1.49,"Laughter","file:///E:/GitHub/CapstoneWork/Mid-Joke Laughter Annotations/2020-01-31 Mt Caz/joke_53.eaf"
13.46,1.19,"Laughter","file:///E:/GitHub/CapstoneWork/Mid-Joke Laughter Annotations/2020-01-31 Mt Caz/joke_54.eaf"
16.1,0.79,"Laughter","file:///E:/GitHub/CapstoneWork/Mid-Joke Laughter Annotations/2020-01-31 Mt Caz/joke_54.eaf"
16.99,1.2,"Laughter","file:///E:/GitHub/CapstoneWork/Mid-Joke Laughter Annotations/2020-01-31 Mt Caz/joke_54.eaf"
2.37,1.32,"Laughter","file:///E:/GitHub/CapstoneWork/Mid-Joke Laughter Annotations/2020-01-31 Mt Caz/joke_55.eaf"
9.66,1.329,"Laughter","file:///E:/GitHub/CapstoneWork/Mid-Joke Laughter Annotations/2020-01-31 Mt Caz/joke_58.eaf"
7.2,1.55,"Laughter","file:///E:/GitHub/CapstoneWork/Mid-Joke Laughter Annotations/2020-01-31 Mt Caz/joke_59.eaf"
7.15,1.52,"Giggle","file:///E:/GitHub/CapstoneWork/Mid-Joke Laughter Annotations/2020-01-31 Mt Caz/joke_62.eaf"
12.53,1.05,"Giggle","file:///E:/GitHub/CapstoneWork/Mid-Joke Laughter Annotations/2020-01-31 Mt Caz/joke_63.eaf"
16.35,0.7,"Sneeze?","file:///E:/GitHub/CapstoneWork/Mid-Joke Laughter Annotations/2020-01-31 Mt Caz/joke_63.eaf"
2.75,1.57,"Laughter","file:///E:/GitHub/CapstoneWork/Mid-Joke Laughter Annotations/2020-01-31 Mt Caz/joke_66.eaf"
10.6,1.3,"Giggle","file:///E:/GitHub/CapstoneWork/Mid-Joke Laughter Annotations/2020-01-31 Mt Caz/joke_71.eaf"
17.5,1.95,"Laughter","file:///E:/GitHub/CapstoneWork/Mid-Joke Laughter Annotations/2020-01-31 Mt Caz/joke_71.eaf"
11.1,1.7,"Laughter","file:///E:/GitHub/CapstoneWork/Mid-Joke Laughter Annotations/2020-01-31 Mt Caz/joke_73.eaf"
